X,Y,Theta
-3.0,0.0,0.0
-2.997999333111037,0.0,0.0
-2.995998666222074,0.0,0.0
-2.993997999333111,0.0,0.0
-2.9919973324441482,0.0,0.0
-2.989996665555185,0.0,0.0
-2.987995998666222,0.0,0.0
-2.985995331777259,0.0,0.0
-2.983994664888296,0.0,0.0
-2.981993997999333,0.0,0.0
-2.97999333111037,0.0,0.0
-2.977992664221407,0.0,0.0
-2.9759919973324442,0.0,0.0
-2.9739913304434813,0.0,0.0
-2.9719906635545184,0.0,0.0
-2.969989996665555,0.0,0.0
-2.967989329776592,0.0,0.0
-2.965988662887629,0.0,0.0
-2.963987995998666,0.0,0.0
-2.961987329109703,0.0,0.0
-2.9599866622207403,0.0,0.0
-2.9579859953317773,0.0,0.0
-2.9559853284428144,0.0,0.0
-2.9539846615538514,0.0,0.0
-2.9519839946648885,0.0,0.0
-2.949983327775925,0.0,0.0
-2.947982660886962,0.0,0.0
-2.945981993997999,0.0,0.0
-2.9439813271090363,0.0,0.0
-2.9419806602200733,0.0,0.0
-2.9399799933311104,0.0,0.0
-2.9379793264421474,0.0,0.0
-2.9359786595531845,0.0,0.0
-2.9339779926642215,0.0,0.0
-2.9319773257752586,0.0,0.0
-2.929976658886295,0.0,0.0
-2.9279759919973323,0.0,0.0
-2.9259753251083693,0.0,0.0
-2.9239746582194064,0.0,0.0
-2.9219739913304434,0.0,0.0
-2.9199733244414805,0.0,0.0
-2.9179726575525176,0.0,0.0
-2.9159719906635546,0.0,0.0
-2.9139713237745917,0.0,0.0
-2.9119706568856287,0.0,0.0
-2.9099699899966653,0.0,0.0
-2.9079693231077024,0.0,0.0
-2.9059686562187395,0.0,0.0
-2.9039679893297765,0.0,0.0
-2.9019673224408136,0.0,0.0
-2.8999666555518506,0.0,0.0
-2.8979659886628877,0.0,0.0
-2.8959653217739247,0.0,0.0
-2.893964654884962,0.0,0.0
-2.891963987995999,0.0,0.0
-2.8899633211070355,0.0,0.0
-2.8879626542180725,0.0,0.0
-2.8859619873291096,0.0,0.0
-2.8839613204401466,0.0,0.0
-2.8819606535511837,0.0,0.0
-2.8799599866622208,0.0,0.0
-2.877959319773258,0.0,0.0
-2.875958652884295,0.0,0.0
-2.873957985995332,0.0,0.0
-2.871957319106369,0.0,0.0
-2.8699566522174056,0.0,0.0
-2.8679559853284426,0.0,0.0
-2.8659553184394797,0.0,0.0
-2.8639546515505168,0.0,0.0
-2.861953984661554,0.0,0.0
-2.859953317772591,0.0,0.0
-2.857952650883628,0.0,0.0
-2.855951983994665,0.0,0.0
-2.853951317105702,0.0,0.0
-2.851950650216739,0.0,0.0
-2.8499499833277757,0.0,0.0
-2.8479493164388128,0.0,0.0
-2.84594864954985,0.0,0.0
-2.843947982660887,0.0,0.0
-2.841947315771924,0.0,0.0
-2.839946648882961,0.0,0.0
-2.837945981993998,0.0,0.0
-2.835945315105035,0.0,0.0
-2.833944648216072,0.0,0.0
-2.8319439813271092,0.0,0.0
-2.829943314438146,0.0,0.0
-2.827942647549183,0.0,0.0
-2.82594198066022,0.0,0.0
-2.823941313771257,0.0,0.0
-2.821940646882294,0.0,0.0
-2.819939979993331,0.0,0.0
-2.817939313104368,0.0,0.0
-2.8159386462154052,0.0,0.0
-2.8139379793264423,0.0,0.0
-2.8119373124374794,0.0,0.0
-2.809936645548516,0.0,0.0
-2.807935978659553,0.0,0.0
-2.80593531177059,0.0,0.0
-2.803934644881627,0.0,0.0
-2.801933977992664,0.0,0.0
-2.7999333111037013,0.0,0.0
-2.7979326442147383,0.0,0.0
-2.7959319773257754,0.0,0.0
-2.7939313104368124,0.0,0.0
-2.7919306435478495,0.0,0.0
-2.789929976658886,0.0,0.0
-2.787929309769923,0.0,0.0
-2.78592864288096,0.0,0.0
-2.7839279759919973,0.0,0.0
-2.7819273091030343,0.0,0.0
-2.7799266422140714,0.0,0.0
-2.7779259753251084,0.0,0.0
-2.7759253084361455,0.0,0.0
-2.7739246415471825,0.0,0.0
-2.7719239746582196,0.0,0.0
-2.769923307769256,0.0,0.0
-2.7679226408802933,0.0,0.0
-2.7659219739913303,0.0,0.0
-2.7639213071023674,0.0,0.0
-2.7619206402134044,0.0,0.0
-2.7599199733244415,0.0,0.0
-2.7579193064354786,0.0,0.0
-2.7559186395465156,0.0,0.0
-2.7539179726575527,0.0,0.0
-2.7519173057685897,0.0,0.0
-2.7499166388796263,0.0,0.0
-2.7479159719906634,0.0,0.0
-2.7459153051017005,0.0,0.0
-2.7439146382127375,0.0,0.0
-2.7419139713237746,0.0,0.0
-2.7399133044348116,0.0,0.0
-2.7379126375458487,0.0,0.0
-2.7359119706568857,0.0,0.0
-2.733911303767923,0.0,0.0
-2.7319106368789594,0.0,0.0
-2.7299099699899965,0.0,0.0
-2.7279093031010335,0.0,0.0
-2.7259086362120706,0.0,0.0
-2.7239079693231076,0.0,0.0
-2.7219073024341447,0.0,0.0
-2.7199066355451818,0.0,0.0
-2.717905968656219,0.0,0.0
-2.715905301767256,0.0,0.0
-2.713904634878293,0.0,0.0
-2.71190396798933,0.0,0.0
-2.7099033011003666,0.0,0.0
-2.7079026342114036,0.0,0.0
-2.7059019673224407,0.0,0.0
-2.7039013004334778,0.0,0.0
-2.701900633544515,0.0,0.0
-2.699899966655552,0.0,0.0
-2.697899299766589,0.0,0.0
-2.695898632877626,0.0,0.0
-2.693897965988663,0.0,0.0
-2.6918972990996997,0.0,0.0
-2.6898966322107367,0.0,0.0
-2.6878959653217738,0.0,0.0
-2.685895298432811,0.0,0.0
-2.683894631543848,0.0,0.0
-2.681893964654885,0.0,0.0
-2.679893297765922,0.0,0.0
-2.677892630876959,0.0,0.0
-2.675891963987996,0.0,0.0
-2.673891297099033,0.0,0.0
-2.6718906302100702,0.0,0.0
-2.669889963321107,0.0,0.0
-2.667889296432144,0.0,0.0
-2.665888629543181,0.0,0.0
-2.663887962654218,0.0,0.0
-2.661887295765255,0.0,0.0
-2.659886628876292,0.0,0.0
-2.657885961987329,0.0,0.0
-2.6558852950983662,0.0,0.0
-2.6538846282094033,0.0,0.0
-2.65188396132044,0.0,0.0
-2.649883294431477,0.0,0.0
-2.647882627542514,0.0,0.0
-2.645881960653551,0.0,0.0
-2.643881293764588,0.0,0.0
-2.641880626875625,0.0,0.0
-2.6398799599866623,0.0,0.0
-2.6378792930976993,0.0,0.0
-2.6358786262087364,0.0,0.0
-2.6338779593197734,0.0,0.0
-2.6318772924308105,0.0,0.0
-2.629876625541847,0.0,0.0
-2.627875958652884,0.0,0.0
-2.625875291763921,0.0,0.0
-2.6238746248749583,0.0,0.0
-2.6218739579859953,0.0,0.0
-2.6198732910970324,0.0,0.0
-2.6178726242080694,0.0,0.0
-2.6158719573191065,0.0,0.0
-2.6138712904301435,0.0,0.0
-2.61187062354118,0.0,0.0
-2.609869956652217,0.0,0.0
-2.6078692897632543,0.0,0.0
-2.6058686228742913,0.0,0.0
-2.6038679559853284,0.0,0.0
-2.6018672890963654,0.0,0.0
-2.5998666222074025,0.0,0.0
-2.5978659553184396,0.0,0.0
-2.5958652884294766,0.0,0.0
-2.5938646215405137,0.0,0.0
-2.5918639546515507,0.0,0.0
-2.5898632877625873,0.0,0.0
-2.5878626208736244,0.0,0.0
-2.5858619539846615,0.0,0.0
-2.5838612870956985,0.0,0.0
-2.5818606202067356,0.0,0.0
-2.5798599533177726,0.0,0.0
-2.5778592864288097,0.0,0.0
-2.5758586195398467,0.0,0.0
-2.573857952650884,0.0,0.0
-2.5718572857619204,0.0,0.0
-2.5698566188729575,0.0,0.0
-2.5678559519839945,0.0,0.0
-2.5658552850950316,0.0,0.0
-2.5638546182060686,0.0,0.0
-2.5618539513171057,0.0,0.0
-2.5598532844281428,0.0,0.0
-2.55785261753918,0.0,0.0
-2.555851950650217,0.0,0.0
-2.553851283761254,0.0,0.0
-2.551850616872291,0.0,0.0
-2.5498499499833276,0.0,0.0
-2.5478492830943646,0.0,0.0
-2.5458486162054017,0.0,0.0
-2.5438479493164388,0.0,0.0
-2.541847282427476,0.0,0.0
-2.539846615538513,0.0,0.0
-2.53784594864955,0.0,0.0
-2.535845281760587,0.0,0.0
-2.533844614871624,0.0,0.0
-2.5318439479826607,0.0,0.0
-2.5298432810936977,0.0,0.0
-2.5278426142047348,0.0,0.0
-2.525841947315772,0.0,0.0
-2.523841280426809,0.0,0.0
-2.521840613537846,0.0,0.0
-2.519839946648883,0.0,0.0
-2.51783927975992,0.0,0.0
-2.515838612870957,0.0,0.0
-2.5138379459819937,0.0,0.0
-2.5118372790930312,0.0,0.0
-2.509836612204068,0.0,0.0
-2.507835945315105,0.0,0.0
-2.505835278426142,0.0,0.0
-2.503834611537179,0.0,0.0
-2.501833944648216,0.0,0.0
-2.499833277759253,0.0,0.0
-2.49783261087029,0.0,0.0
-2.4958319439813272,0.0,0.0
-2.4938312770923643,0.0,0.0
-2.491830610203401,0.0,0.0
-2.489829943314438,0.0,0.0
-2.487829276425475,0.0,0.0
-2.485828609536512,0.0,0.0
-2.483827942647549,0.0,0.0
-2.481827275758586,0.0,0.0
-2.4798266088696233,0.0,0.0
-2.4778259419806603,0.0,0.0
-2.4758252750916974,0.0,0.0
-2.473824608202734,0.0,0.0
-2.4718239413137715,0.0,0.0
-2.469823274424808,0.0,0.0
-2.467822607535845,0.0,0.0
-2.465821940646882,0.0,0.0
-2.4638212737579193,0.0,0.0
-2.4618206068689563,0.0,0.0
-2.4598199399799934,0.0,0.0
-2.4578192730910304,0.0,0.0
-2.4558186062020675,0.0,0.0
-2.4538179393131045,0.0,0.0
-2.451817272424141,0.0,0.0
-2.449816605535178,0.0,0.0
-2.4478159386462153,0.0,0.0
-2.4458152717572523,0.0,0.0
-2.4438146048682894,0.0,0.0
-2.4418139379793264,0.0,0.0
-2.4398132710903635,0.0,0.0
-2.4378126042014006,0.0,0.0
-2.4358119373124376,0.0,0.0
-2.4338112704234742,0.0,0.0
-2.4318106035345117,0.0,0.0
-2.4298099366455483,0.0,0.0
-2.4278092697565854,0.0,0.0
-2.4258086028676225,0.0,0.0
-2.4238079359786595,0.0,0.0
-2.4218072690896966,0.0,0.0
-2.4198066022007336,0.0,0.0
-2.4178059353117707,0.0,0.0
-2.4158052684228077,0.0,0.0
-2.413804601533845,0.0,0.0
-2.4118039346448814,0.0,0.0
-2.4098032677559185,0.0,0.0
-2.4078026008669555,0.0,0.0
-2.4058019339779926,0.0,0.0
-2.4038012670890296,0.0,0.0
-2.4018006002000667,0.0,0.0
-2.3997999333111038,0.0,0.0
-2.397799266422141,0.0,0.0
-2.395798599533178,0.0,0.0
-2.3937979326442145,0.0,0.0
-2.391797265755252,0.0,0.0
-2.3897965988662886,0.0,0.0
-2.3877959319773256,0.0,0.0
-2.3857952650883627,0.0,0.0
-2.3837945981993998,0.0,0.0
-2.381793931310437,0.0,0.0
-2.379793264421474,0.0,0.0
-2.377792597532511,0.0,0.0
-2.3757919306435475,0.0,0.0
-2.373791263754585,0.0,0.0
-2.3717905968656217,0.0,0.0
-2.3697899299766587,0.0,0.0
-2.3677892630876958,0.0,0.0
-2.365788596198733,0.0,0.0
-2.36378792930977,0.0,0.0
-2.361787262420807,0.0,0.0
-2.359786595531844,0.0,0.0
-2.357785928642881,0.0,0.0
-2.355785261753918,0.0,0.0
-2.3537845948649547,0.0,0.0
-2.3517839279759922,0.0,0.0
-2.349783261087029,0.0,0.0
-2.347782594198066,0.0,0.0
-2.345781927309103,0.0,0.0
-2.34378126042014,0.0,0.0
-2.341780593531177,0.0,0.0
-2.339779926642214,0.0,0.0
-2.337779259753251,0.0,0.0
-2.335778592864288,0.0,0.0
-2.3337779259753253,0.0,0.0
-2.331777259086362,0.0,0.0
-2.329776592197399,0.0,0.0
-2.327775925308436,0.0,0.0
-2.325775258419473,0.0,0.0
-2.32377459153051,0.0,0.0
-2.321773924641547,0.0,0.0
-2.3197732577525843,0.0,0.0
-2.3177725908636213,0.0,0.0
-2.3157719239746584,0.0,0.0
-2.313771257085695,0.0,0.0
-2.3117705901967325,0.0,0.0
-2.309769923307769,0.0,0.0
-2.307769256418806,0.0,0.0
-2.305768589529843,0.0,0.0
-2.3037679226408803,0.0,0.0
-2.3017672557519173,0.0,0.0
-2.2997665888629544,0.0,0.0
-2.2977659219739914,0.0,0.0
-2.295765255085028,0.0,0.0
-2.2937645881960655,0.0,0.0
-2.291763921307102,0.0,0.0
-2.289763254418139,0.0,0.0
-2.2877625875291763,0.0,0.0
-2.2857619206402133,0.0,0.0
-2.2837612537512504,0.0,0.0
-2.2817605868622874,0.0,0.0
-2.2797599199733245,0.0,0.0
-2.2777592530843616,0.0,0.0
-2.2757585861953986,0.0,0.0
-2.2737579193064352,0.0,0.0
-2.2717572524174727,0.0,0.0
-2.2697565855285093,0.0,0.0
-2.2677559186395464,0.0,0.0
-2.2657552517505835,0.0,0.0
-2.2637545848616205,0.0,0.0
-2.2617539179726576,0.0,0.0
-2.2597532510836946,0.0,0.0
-2.2577525841947317,0.0,0.0
-2.2557519173057683,0.0,0.0
-2.253751250416806,0.0,0.0
-2.2517505835278424,0.0,0.0
-2.2497499166388795,0.0,0.0
-2.2477492497499165,0.0,0.0
-2.2457485828609536,0.0,0.0
-2.2437479159719906,0.0,0.0
-2.2417472490830277,0.0,0.0
-2.2397465821940648,0.0,0.0
-2.237745915305102,0.0,0.0
-2.235745248416139,0.0,0.0
-2.2337445815271755,0.0,0.0
-2.231743914638213,0.0,0.0
-2.2297432477492496,0.0,0.0
-2.2277425808602866,0.0,0.0
-2.2257419139713237,0.0,0.0
-2.2237412470823608,0.0,0.0
-2.221740580193398,0.0,0.0
-2.219739913304435,0.0,0.0
-2.217739246415472,0.0,0.0
-2.2157385795265085,0.0,0.0
-2.213737912637546,0.0,0.0
-2.2117372457485827,0.0,0.0
-2.2097365788596197,0.0,0.0
-2.2077359119706568,0.0,0.0
-2.205735245081694,0.0,0.0
-2.203734578192731,0.0,0.0
-2.201733911303768,0.0,0.0
-2.199733244414805,0.0,0.0
-2.197732577525842,0.0,0.0
-2.195731910636879,0.0,0.0
-2.1937312437479157,0.0,0.0
-2.191730576858953,0.0,0.0
-2.18972990996999,0.0,0.0
-2.187729243081027,0.0,0.0
-2.185728576192064,0.0,0.0
-2.183727909303101,0.0,0.0
-2.181727242414138,0.0,0.0
-2.179726575525175,0.0,0.0
-2.177725908636212,0.0,0.0
-2.175725241747249,0.0,0.0
-2.1737245748582863,0.0,0.0
-2.171723907969323,0.0,0.0
-2.16972324108036,0.0,0.0
-2.167722574191397,0.0,0.0
-2.165721907302434,0.0,0.0
-2.163721240413471,0.0,0.0
-2.161720573524508,0.0,0.0
-2.1597199066355453,0.0,0.0
-2.1577192397465823,0.0,0.0
-2.1557185728576194,0.0,0.0
-2.153717905968656,0.0,0.0
-2.151717239079693,0.0,0.0
-2.14971657219073,0.0,0.0
-2.147715905301767,0.0,0.0
-2.145715238412804,0.0,0.0
-2.1437145715238413,0.0,0.0
-2.1417139046348783,0.0,0.0
-2.1397132377459154,0.0,0.0
-2.1377125708569524,0.0,0.0
-2.135711903967989,0.0,0.0
-2.1337112370790265,0.0,0.0
-2.131710570190063,0.0,0.0
-2.1297099033011,0.0,0.0
-2.1277092364121373,0.0,0.0
-2.1257085695231743,0.0,0.0
-2.1237079026342114,0.0,0.0
-2.1217072357452484,0.0,0.0
-2.1197065688562855,0.0,0.0
-2.1177059019673226,0.0,0.0
-2.1157052350783596,0.0,0.0
-2.1137045681893962,0.0,0.0
-2.1117039013004333,0.0,0.0
-2.1097032344114703,0.0,0.0
-2.1077025675225074,0.0,0.0
-2.1057019006335445,0.0,0.0
-2.1037012337445815,0.0,0.0
-2.1017005668556186,0.0,0.0
-2.0996998999666556,0.0,0.0
-2.0976992330776927,0.0,0.0
-2.0956985661887293,0.0,0.0
-2.093697899299767,0.0,0.0
-2.0916972324108034,0.0,0.0
-2.0896965655218405,0.0,0.0
-2.0876958986328775,0.0,0.0
-2.0856952317439146,0.0,0.0
-2.0836945648549516,0.0,0.0
-2.0816938979659887,0.0,0.0
-2.0796932310770258,0.0,0.0
-2.077692564188063,0.0,0.0
-2.0756918972991,0.0,0.0
-2.0736912304101365,0.0,0.0
-2.0716905635211735,0.0,0.0
-2.0696898966322106,0.0,0.0
-2.0676892297432476,0.0,0.0
-2.0656885628542847,0.0,0.0
-2.0636878959653218,0.0,0.0
-2.061687229076359,0.0,0.0
-2.059686562187396,0.0,0.0
-2.057685895298433,0.0,0.0
-2.0556852284094695,0.0,0.0
-2.053684561520507,0.0,0.0
-2.0516838946315437,0.0,0.0
-2.0496832277425807,0.0,0.0
-2.0476825608536178,0.0,0.0
-2.045681893964655,0.0,0.0
-2.043681227075692,0.0,0.0
-2.041680560186729,0.0,0.0
-2.039679893297766,0.0,0.0
-2.0376792264088026,0.0,0.0
-2.03567855951984,0.0,0.0
-2.0336778926308767,0.0,0.0
-2.031677225741914,0.0,0.0
-2.029676558852951,0.0,0.0
-2.027675891963988,0.0,0.0
-2.025675225075025,0.0,0.0
-2.023674558186062,0.0,0.0
-2.021673891297099,0.0,0.0
-2.019673224408136,0.0,0.0
-2.017672557519173,0.0,0.0
-2.01567189063021,0.0,0.0
-2.0136712237412473,0.0,0.0
-2.011670556852284,0.0,0.0
-2.009669889963321,0.0,0.0
-2.007669223074358,0.0,0.0
-2.005668556185395,0.0,0.0
-2.003667889296432,0.0,0.0
-2.001667222407469,0.0,0.0
-1.999666555518506,0.0,0.0
-1.997665888629543,0.0,0.0
-1.9956652217405801,0.0,0.0
-1.9936645548516172,0.0,0.0
-1.9916638879626543,0.0,0.0
-1.989663221073691,0.0,0.0
-1.9876625541847281,0.0,0.0
-1.9856618872957652,0.0,0.0
-1.9836612204068023,0.0,0.0
-1.9816605535178393,0.0,0.0
-1.9796598866288762,0.0,0.0
-1.9776592197399132,0.0,0.0
-1.9756585528509503,0.0,0.0
-1.9736578859619873,0.0,0.0
-1.9716572190730244,0.0,0.0
-1.9696565521840612,0.0,0.0
-1.9676558852950983,0.0,0.0
-1.9656552184061353,0.0,0.0
-1.9636545515171724,0.0,0.0
-1.9616538846282094,0.0,0.0
-1.9596532177392463,0.0,0.0
-1.9576525508502833,0.0,0.0
-1.9556518839613204,0.0,0.0
-1.9536512170723574,0.0,0.0
-1.9516505501833945,0.0,0.0
-1.9496498832944313,0.0,0.0
-1.9476492164054684,0.0,0.0
-1.9456485495165055,0.0,0.0
-1.9436478826275425,0.0,0.0
-1.9416472157385796,0.0,0.0
-1.9396465488496164,0.0,0.0
-1.9376458819606535,0.0,0.0
-1.9356452150716905,0.0,0.0
-1.9336445481827276,0.0,0.0
-1.9316438812937646,0.0,0.0
-1.9296432144048015,0.0,0.0
-1.9276425475158385,0.0,0.0
-1.9256418806268756,0.0,0.0
-1.9236412137379126,0.0,0.0
-1.9216405468489497,0.0,0.0
-1.9196398799599865,0.0,0.0
-1.9176392130710236,0.0,0.0
-1.9156385461820606,0.0,0.0
-1.9136378792930977,0.0,0.0
-1.9116372124041348,0.0,0.0
-1.9096365455151716,0.0,0.0
-1.9076358786262086,0.0,0.0
-1.9056352117372457,0.0,0.0
-1.9036345448482828,0.0,0.0
-1.9016338779593198,0.0,0.0
-1.8996332110703567,0.0,0.0
-1.8976325441813937,0.0,0.0
-1.8956318772924308,0.0,0.0
-1.8936312104034678,0.0,0.0
-1.8916305435145049,0.0,0.0
-1.8896298766255417,0.0,0.0
-1.8876292097365788,0.0,0.0
-1.8856285428476158,0.0,0.0
-1.8836278759586529,0.0,0.0
-1.88162720906969,0.0,0.0
-1.8796265421807268,0.0,0.0
-1.8776258752917638,0.0,0.0
-1.875625208402801,0.0,0.0
-1.873624541513838,0.0,0.0
-1.871623874624875,0.0,0.0
-1.8696232077359118,0.0,0.0
-1.867622540846949,0.0,0.0
-1.865621873957986,0.0,0.0
-1.863621207069023,0.0,0.0
-1.86162054018006,0.0,0.0
-1.859619873291097,0.0,0.0
-1.857619206402134,0.0,0.0
-1.855618539513171,0.0,0.0
-1.853617872624208,0.0,0.0
-1.8516172057352451,0.0,0.0
-1.849616538846282,0.0,0.0
-1.847615871957319,0.0,0.0
-1.845615205068356,0.0,0.0
-1.8436145381793931,0.0,0.0
-1.8416138712904302,0.0,0.0
-1.839613204401467,0.0,0.0
-1.837612537512504,0.0,0.0
-1.8356118706235411,0.0,0.0
-1.8336112037345782,0.0,0.0
-1.8316105368456153,0.0,0.0
-1.829609869956652,0.0,0.0
-1.8276092030676891,0.0,0.0
-1.8256085361787262,0.0,0.0
-1.8236078692897633,0.0,0.0
-1.8216072024008003,0.0,0.0
-1.8196065355118372,0.0,0.0
-1.8176058686228742,0.0,0.0
-1.8156052017339113,0.0,0.0
-1.8136045348449483,0.0,0.0
-1.8116038679559854,0.0,0.0
-1.8096032010670222,0.0,0.0
-1.8076025341780593,0.0,0.0
-1.8056018672890963,0.0,0.0
-1.8036012004001334,0.0,0.0
-1.8016005335111702,0.0,0.0
-1.7995998666222073,0.0,0.0
-1.7975991997332443,0.0,0.0
-1.7955985328442814,0.0,0.0
-1.7935978659553184,0.0,0.0
-1.7915971990663553,0.0,0.0
-1.7895965321773923,0.0,0.0
-1.7875958652884294,0.0,0.0
-1.7855951983994665,0.0,0.0
-1.7835945315105035,0.0,0.0
-1.7815938646215403,0.0,0.0
-1.7795931977325774,0.0,0.0
-1.7775925308436145,0.0,0.0
-1.7755918639546515,0.0,0.0
-1.7735911970656886,0.0,0.0
-1.7715905301767254,0.0,0.0
-1.7695898632877625,0.0,0.0
-1.7675891963987995,0.0,0.0
-1.7655885295098366,0.0,0.0
-1.7635878626208736,0.0,0.0
-1.7615871957319105,0.0,0.0
-1.7595865288429475,0.0,0.0
-1.7575858619539846,0.0,0.0
-1.7555851950650216,0.0,0.0
-1.7535845281760587,0.0,0.0
-1.7515838612870955,0.0,0.0
-1.7495831943981326,0.0,0.0
-1.7475825275091696,0.0,0.0
-1.7455818606202067,0.0,0.0
-1.7435811937312438,0.0,0.0
-1.7415805268422806,0.0,0.0
-1.7395798599533177,0.0,0.0
-1.7375791930643547,0.0,0.0
-1.7355785261753918,0.0,0.0
-1.7335778592864288,0.0,0.0
-1.7315771923974657,0.0,0.0
-1.7295765255085027,0.0,0.0
-1.7275758586195398,0.0,0.0
-1.7255751917305768,0.0,0.0
-1.7235745248416139,0.0,0.0
-1.7215738579526507,0.0,0.0
-1.7195731910636878,0.0,0.0
-1.7175725241747248,0.0,0.0
-1.715571857285762,0.0,0.0
-1.713571190396799,0.0,0.0
-1.7115705235078358,0.0,0.0
-1.7095698566188728,0.0,0.0
-1.70756918972991,0.0,0.0
-1.705568522840947,0.0,0.0
-1.703567855951984,0.0,0.0
-1.7015671890630208,0.0,0.0
-1.699566522174058,0.0,0.0
-1.697565855285095,0.0,0.0
-1.695565188396132,0.0,0.0
-1.693564521507169,0.0,0.0
-1.691563854618206,0.0,0.0
-1.689563187729243,0.0,0.0
-1.68756252084028,0.0,0.0
-1.685561853951317,0.0,0.0
-1.6835611870623541,0.0,0.0
-1.681560520173391,0.0,0.0
-1.679559853284428,0.0,0.0
-1.677559186395465,0.0,0.0
-1.6755585195065021,0.0,0.0
-1.6735578526175392,0.0,0.0
-1.671557185728576,0.0,0.0
-1.669556518839613,0.0,0.0
-1.6675558519506501,0.0,0.0
-1.6655551850616872,0.0,0.0
-1.6635545181727243,0.0,0.0
-1.661553851283761,0.0,0.0
-1.6595531843947982,0.0,0.0
-1.6575525175058352,0.0,0.0
-1.6555518506168723,0.0,0.0
-1.6535511837279093,0.0,0.0
-1.6515505168389462,0.0,0.0
-1.6495498499499832,0.0,0.0
-1.6475491830610203,0.0,0.0
-1.6455485161720573,0.0,0.0
-1.6435478492830944,0.0,0.0
-1.6415471823941312,0.0,0.0
-1.6395465155051683,0.0,0.0
-1.6375458486162053,0.0,0.0
-1.6355451817272424,0.0,0.0
-1.6335445148382794,0.0,0.0
-1.6315438479493163,0.0,0.0
-1.6295431810603533,0.0,0.0
-1.6275425141713904,0.0,0.0
-1.6255418472824275,0.0,0.0
-1.6235411803934645,0.0,0.0
-1.6215405135045013,0.0,0.0
-1.6195398466155384,0.0,0.0
-1.6175391797265755,0.0,0.0
-1.6155385128376125,0.0,0.0
-1.6135378459486496,0.0,0.0
-1.6115371790596864,0.0,0.0
-1.6095365121707235,0.0,0.0
-1.6075358452817605,0.0,0.0
-1.6055351783927976,0.0,0.0
-1.6035345115038346,0.0,0.0
-1.6015338446148715,0.0,0.0
-1.5995331777259085,0.0,0.0
-1.5975325108369456,0.0,0.0
-1.5955318439479826,0.0,0.0
-1.5935311770590197,0.0,0.0
-1.5915305101700565,0.0,0.0
-1.5895298432810936,0.0,0.0
-1.5875291763921306,0.0,0.0
-1.5855285095031677,0.0,0.0
-1.5835278426142048,0.0,0.0
-1.5815271757252416,0.0,0.0
-1.5795265088362787,0.0,0.0
-1.5775258419473157,0.0,0.0
-1.5755251750583528,0.0,0.0
-1.5735245081693898,0.0,0.0
-1.5715238412804267,0.0,0.0
-1.5695231743914637,0.0,0.0
-1.5675225075025008,0.0,0.0
-1.5655218406135378,0.0,0.0
-1.5635211737245749,0.0,0.0
-1.5615205068356117,0.0,0.0
-1.5595198399466488,0.0,0.0
-1.5575191730576858,0.0,0.0
-1.555518506168723,0.0,0.0
-1.55351783927976,0.0,0.0
-1.5515171723907968,0.0,0.0
-1.5495165055018338,0.0,0.0
-1.547515838612871,0.0,0.0
-1.545515171723908,0.0,0.0
-1.543514504834945,0.0,0.0
-1.5415138379459818,0.0,0.0
-1.539513171057019,0.0,0.0
-1.537512504168056,0.0,0.0
-1.535511837279093,0.0,0.0
-1.53351117039013,0.0,0.0
-1.531510503501167,0.0,0.0
-1.529509836612204,0.0,0.0
-1.527509169723241,0.0,0.0
-1.525508502834278,0.0,0.0
-1.5235078359453151,0.0,0.0
-1.521507169056352,0.0,0.0
-1.519506502167389,0.0,0.0
-1.517505835278426,0.0,0.0
-1.5155051683894631,0.0,0.0
-1.5135045015005002,0.0,0.0
-1.511503834611537,0.0,0.0
-1.509503167722574,0.0,0.0
-1.5075025008336111,0.0,0.0
-1.5055018339446482,0.0,0.0
-1.5035011670556853,0.0,0.0
-1.501500500166722,0.0,0.0
-1.4994998332777592,0.0,0.0
-1.4974991663887962,0.0,0.0
-1.4954984994998333,0.0,0.0
-1.4934978326108703,0.0,0.0
-1.4914971657219072,0.0,0.0
-1.4894964988329442,0.0,0.0
-1.4874958319439813,0.0,0.0
-1.4854951650550183,0.0,0.0
-1.4834944981660554,0.0,0.0
-1.4814938312770922,0.0,0.0
-1.4794931643881293,0.0,0.0
-1.4774924974991663,0.0,0.0
-1.4754918306102034,0.0,0.0
-1.4734911637212404,0.0,0.0
-1.4714904968322773,0.0,0.0
-1.4694898299433143,0.0,0.0
-1.4674891630543514,0.0,0.0
-1.4654884961653885,0.0,0.0
-1.4634878292764255,0.0,0.0
-1.4614871623874623,0.0,0.0
-1.4594864954984994,0.0,0.0
-1.4574858286095365,0.0,0.0
-1.4554851617205735,0.0,0.0
-1.4534844948316104,0.0,0.0
-1.4514838279426474,0.0,0.0
-1.4494831610536845,0.0,0.0
-1.4474824941647215,0.0,0.0
-1.4454818272757586,0.0,0.0
-1.4434811603867954,0.0,0.0
-1.4414804934978325,0.0,0.0
-1.4394798266088695,0.0,0.0
-1.4374791597199066,0.0,0.0
-1.4354784928309436,0.0,0.0
-1.4334778259419805,0.0,0.0
-1.4314771590530175,0.0,0.0
-1.4294764921640546,0.0,0.0
-1.4274758252750916,0.0,0.0
-1.4254751583861287,0.0,0.0
-1.4234744914971655,0.0,0.0
-1.4214738246082026,0.0,0.0
-1.4194731577192397,0.0,0.0
-1.4174724908302767,0.0,0.0
-1.4154718239413138,0.0,0.0
-1.4134711570523506,0.0,0.0
-1.4114704901633877,0.0,0.0
-1.4094698232744247,0.0,0.0
-1.4074691563854618,0.0,0.0
-1.4054684894964988,0.0,0.0
-1.4034678226075357,0.0,0.0
-1.4014671557185727,0.0,0.0
-1.3994664888296098,0.0,0.0
-1.3974658219406468,0.0,0.0
-1.395465155051684,0.0,0.0
-1.3934644881627207,0.0,0.0
-1.3914638212737578,0.0,0.0
-1.3894631543847948,0.0,0.0
-1.387462487495832,0.0,0.0
-1.385461820606869,0.0,0.0
-1.3834611537179058,0.0,0.0
-1.3814604868289428,0.0,0.0
-1.37945981993998,0.0,0.0
-1.377459153051017,0.0,0.0
-1.375458486162054,0.0,0.0
-1.3734578192730909,0.0,0.0
-1.371457152384128,0.0,0.0
-1.369456485495165,0.0,0.0
-1.367455818606202,0.0,0.0
-1.365455151717239,0.0,0.0
-1.363454484828276,0.0,0.0
-1.361453817939313,0.0,0.0
-1.35945315105035,0.0,0.0
-1.357452484161387,0.0,0.0
-1.3554518172724241,0.0,0.0
-1.353451150383461,0.0,0.0
-1.351450483494498,0.0,0.0
-1.349449816605535,0.0,0.0
-1.3474491497165721,0.0,0.0
-1.3454484828276092,0.0,0.0
-1.343447815938646,0.0,0.0
-1.341447149049683,0.0,0.0
-1.3394464821607202,0.0,0.0
-1.3374458152717572,0.0,0.0
-1.3354451483827943,0.0,0.0
-1.333444481493831,0.0,0.0
-1.3314438146048682,0.0,0.0
-1.3294431477159052,0.0,0.0
-1.3274424808269423,0.0,0.0
-1.3254418139379793,0.0,0.0
-1.3234411470490162,0.0,0.0
-1.3214404801600532,0.0,0.0
-1.3194398132710903,0.0,0.0
-1.3174391463821273,0.0,0.0
-1.3154384794931644,0.0,0.0
-1.3134378126042012,0.0,0.0
-1.3114371457152383,0.0,0.0
-1.3094364788262753,0.0,0.0
-1.3074358119373124,0.0,0.0
-1.3054351450483495,0.0,0.0
-1.3034344781593863,0.0,0.0
-1.3014338112704233,0.0,0.0
-1.2994331443814604,0.0,0.0
-1.2974324774924975,0.0,0.0
-1.2954318106035345,0.0,0.0
-1.2934311437145714,0.0,0.0
-1.2914304768256084,0.0,0.0
-1.2894298099366455,0.0,0.0
-1.2874291430476825,0.0,0.0
-1.2854284761587196,0.0,0.0
-1.2834278092697564,0.0,0.0
-1.2814271423807935,0.0,0.0
-1.2794264754918305,0.0,0.0
-1.2774258086028676,0.0,0.0
-1.2754251417139046,0.0,0.0
-1.2734244748249415,0.0,0.0
-1.2714238079359785,0.0,0.0
-1.2694231410470156,0.0,0.0
-1.2674224741580526,0.0,0.0
-1.2654218072690897,0.0,0.0
-1.2634211403801265,0.0,0.0
-1.2614204734911636,0.0,0.0
-1.2594198066022007,0.0,0.0
-1.2574191397132377,0.0,0.0
-1.2554184728242748,0.0,0.0
-1.2534178059353116,0.0,0.0
-1.2514171390463487,0.0,0.0
-1.2494164721573857,0.0,0.0
-1.2474158052684228,0.0,0.0
-1.2454151383794598,0.0,0.0
-1.2434144714904967,0.0,0.0
-1.2414138046015337,0.0,0.0
-1.2394131377125708,0.0,0.0
-1.2374124708236078,0.0,0.0
-1.235411803934645,0.0,0.0
-1.2334111370456817,0.0,0.0
-1.2314104701567188,0.0,0.0
-1.2294098032677558,0.0,0.0
-1.227409136378793,0.0,0.0
-1.22540846948983,0.0,0.0
-1.2234078026008668,0.0,0.0
-1.2214071357119038,0.0,0.0
-1.219406468822941,0.0,0.0
-1.217405801933978,0.0,0.0
-1.215405135045015,0.0,0.0
-1.2134044681560519,0.0,0.0
-1.211403801267089,0.0,0.0
-1.209403134378126,0.0,0.0
-1.207402467489163,0.0,0.0
-1.2054018006002,0.0,0.0
-1.203401133711237,0.0,0.0
-1.201400466822274,0.0,0.0
-1.199399799933311,0.0,0.0
-1.197399133044348,0.0,0.0
-1.1953984661553851,0.0,0.0
-1.193397799266422,0.0,0.0
-1.191397132377459,0.0,0.0
-1.189396465488496,0.0,0.0
-1.1873957985995331,0.0,0.0
-1.1853951317105702,0.0,0.0
-1.183394464821607,0.0,0.0
-1.181393797932644,0.0,0.0
-1.1793931310436812,0.0,0.0
-1.1773924641547182,0.0,0.0
-1.1753917972657553,0.0,0.0
-1.173391130376792,0.0,0.0
-1.1713904634878292,0.0,0.0
-1.1693897965988662,0.0,0.0
-1.1673891297099033,0.0,0.0
-1.1653884628209403,0.0,0.0
-1.1633877959319772,0.0,0.0
-1.1613871290430142,0.0,0.0
-1.1593864621540513,0.0,0.0
-1.1573857952650883,0.0,0.0
-1.1553851283761254,0.0,0.0
-1.1533844614871622,0.0,0.0
-1.1513837945981993,0.0,0.0
-1.1493831277092363,0.0,0.0
-1.1473824608202734,0.0,0.0
-1.1453817939313105,0.0,0.0
-1.1433811270423473,0.0,0.0
-1.1413804601533843,0.0,0.0
-1.1393797932644214,0.0,0.0
-1.1373791263754585,0.0,0.0
-1.1353784594864955,0.0,0.0
-1.1333777925975324,0.0,0.0
-1.1313771257085694,0.0,0.0
-1.1293764588196065,0.0,0.0
-1.1273757919306435,0.0,0.0
-1.1253751250416806,0.0,0.0
-1.1233744581527174,0.0,0.0
-1.1213737912637545,0.0,0.0
-1.1193731243747915,0.0,0.0
-1.1173724574858286,0.0,0.0
-1.1153717905968654,0.0,0.0
-1.1133711237079025,0.0,0.0
-1.1113704568189395,0.0,0.0
-1.1093697899299766,0.0,0.0
-1.1073691230410136,0.0,0.0
-1.1053684561520505,0.0,0.0
-1.1033677892630875,0.0,0.0
-1.1013671223741246,0.0,0.0
-1.0993664554851617,0.0,0.0
-1.0973657885961987,0.0,0.0
-1.0953651217072355,0.0,0.0
-1.0933644548182726,0.0,0.0
-1.0913637879293097,0.0,0.0
-1.0893631210403467,0.0,0.0
-1.0873624541513838,0.0,0.0
-1.0853617872624206,0.0,0.0
-1.0833611203734577,0.0,0.0
-1.0813604534844947,0.0,0.0
-1.0793597865955318,0.0,0.0
-1.0773591197065688,0.0,0.0
-1.0753584528176057,0.0,0.0
-1.0733577859286427,0.0,0.0
-1.0713571190396798,0.0,0.0
-1.0693564521507168,0.0,0.0
-1.067355785261754,0.0,0.0
-1.0653551183727907,0.0,0.0
-1.0633544514838278,0.0,0.0
-1.0613537845948648,0.0,0.0
-1.059353117705902,0.0,0.0
-1.057352450816939,0.0,0.0
-1.0553517839279758,0.0,0.0
-1.0533511170390129,0.0,0.0
-1.05135045015005,0.0,0.0
-1.049349783261087,0.0,0.0
-1.047349116372124,0.0,0.0
-1.0453484494831609,0.0,0.0
-1.043347782594198,0.0,0.0
-1.041347115705235,0.0,0.0
-1.039346448816272,0.0,0.0
-1.037345781927309,0.0,0.0
-1.035345115038346,0.0,0.0
-1.033344448149383,0.0,0.0
-1.03134378126042,0.0,0.0
-1.029343114371457,0.0,0.0
-1.0273424474824941,0.0,0.0
-1.025341780593531,0.0,0.0
-1.023341113704568,0.0,0.0
-1.021340446815605,0.0,0.0
-1.0193397799266422,0.0,0.0
-1.0173391130376792,0.0,0.0
-1.015338446148716,0.0,0.0
-1.013337779259753,0.0,0.0
-1.0113371123707902,0.0,0.0
-1.0093364454818272,0.0,0.0
-1.0073357785928643,0.0,0.0
-1.005335111703901,0.0,0.0
-1.0033344448149382,0.0,0.0
-1.0013337779259752,0.0,0.0
-0.9993331110370121,0.0,0.0
-0.9973324441480491,0.0,0.0
-0.9953317772590862,0.0,0.0
-0.9933311103701232,0.0,0.0
-0.9913304434811603,0.0,0.0
-0.9893297765921973,0.0,0.0
-0.9873291097032344,0.0,0.0
-0.9853284428142715,0.0,0.0
-0.9833277759253085,0.0,0.0
-0.9813271090363456,0.0,0.0
-0.9793264421473822,0.0,0.0
-0.9773257752584192,0.0,0.0
-0.9753251083694563,0.0,0.0
-0.9733244414804934,0.0,0.0
-0.9713237745915304,0.0,0.0
-0.9693231077025675,0.0,0.0
-0.9673224408136045,0.0,0.0
-0.9653217739246416,0.0,0.0
-0.9633211070356786,0.0,0.0
-0.9613204401467157,0.0,0.0
-0.9593197732577523,0.0,0.0
-0.9573191063687894,0.0,0.0
-0.9553184394798264,0.0,0.0
-0.9533177725908635,0.0,0.0
-0.9513171057019005,0.0,0.0
-0.9493164388129376,0.0,0.0
-0.9473157719239746,0.0,0.0
-0.9453151050350117,0.0,0.0
-0.9433144381460488,0.0,0.0
-0.9413137712570854,0.0,0.0
-0.9393131043681224,0.0,0.0
-0.9373124374791595,0.0,0.0
-0.9353117705901965,0.0,0.0
-0.9333111037012336,0.0,0.0
-0.9313104368122707,0.0,0.0
-0.9293097699233077,0.0,0.0
-0.9273091030343448,0.0,0.0
-0.9253084361453818,0.0,0.0
-0.9233077692564189,0.0,0.0
-0.9213071023674555,0.0,0.0
-0.9193064354784926,0.0,0.0
-0.9173057685895296,0.0,0.0
-0.9153051017005667,0.0,0.0
-0.9133044348116037,0.0,0.0
-0.9113037679226408,0.0,0.0
-0.9093031010336778,0.0,0.0
-0.9073024341447149,0.0,0.0
-0.905301767255752,0.0,0.0
-0.903301100366789,0.0,0.0
-0.9013004334778256,0.0,0.0
-0.8992997665888627,0.0,0.0
-0.8972990996998997,0.0,0.0
-0.8952984328109368,0.0,0.0
-0.8932977659219739,0.0,0.0
-0.8912970990330109,0.0,0.0
-0.889296432144048,0.0,0.0
-0.887295765255085,0.0,0.0
-0.8852950983661221,0.0,0.0
-0.8832944314771591,0.0,0.0
-0.8812937645881957,0.0,0.0
-0.8792930976992328,0.0,0.0
-0.8772924308102699,0.0,0.0
-0.8752917639213069,0.0,0.0
-0.873291097032344,0.0,0.0
-0.871290430143381,0.0,0.0
-0.8692897632544181,0.0,0.0
-0.8672890963654551,0.0,0.0
-0.8652884294764922,0.0,0.0
-0.8632877625875293,0.0,0.0
-0.8612870956985659,0.0,0.0
-0.8592864288096029,0.0,0.0
-0.85728576192064,0.0,0.0
-0.855285095031677,0.0,0.0
-0.8532844281427141,0.0,0.0
-0.8512837612537512,0.0,0.0
-0.8492830943647882,0.0,0.0
-0.8472824274758253,0.0,0.0
-0.8452817605868623,0.0,0.0
-0.8432810936978994,0.0,0.0
-0.841280426808936,0.0,0.0
-0.8392797599199731,0.0,0.0
-0.8372790930310101,0.0,0.0
-0.8352784261420472,0.0,0.0
-0.8332777592530842,0.0,0.0
-0.8312770923641213,0.0,0.0
-0.8292764254751583,0.0,0.0
-0.8272757585861954,0.0,0.0
-0.8252750916972325,0.0,0.0
-0.8232744248082695,0.0,0.0
-0.8212737579193061,0.0,0.0
-0.8192730910303432,0.0,0.0
-0.8172724241413802,0.0,0.0
-0.8152717572524173,0.0,0.0
-0.8132710903634544,0.0,0.0
-0.8112704234744914,0.0,0.0
-0.8092697565855285,0.0,0.0
-0.8072690896965655,0.0,0.0
-0.8052684228076026,0.0,0.0
-0.8032677559186396,0.0,0.0
-0.8012670890296762,0.0,0.0
-0.7992664221407133,0.0,0.0
-0.7972657552517504,0.0,0.0
-0.7952650883627874,0.0,0.0
-0.7932644214738245,0.0,0.0
-0.7912637545848615,0.0,0.0
-0.7892630876958986,0.0,0.0
-0.7872624208069356,0.0,0.0
-0.7852617539179727,0.0,0.0
-0.7832610870290098,0.0,0.0
-0.7812604201400464,0.0,0.0
-0.7792597532510834,0.0,0.0
-0.7772590863621205,0.0,0.0
-0.7752584194731575,0.0,0.0
-0.7732577525841946,0.0,0.0
-0.7712570856952317,0.0,0.0
-0.7692564188062687,0.0,0.0
-0.7672557519173058,0.0,0.0
-0.7652550850283428,0.0,0.0
-0.7632544181393799,0.0,0.0
-0.7612537512504165,0.0,0.0
-0.7592530843614536,0.0,0.0
-0.7572524174724906,0.0,0.0
-0.7552517505835277,0.0,0.0
-0.7532510836945647,0.0,0.0
-0.7512504168056018,0.0,0.0
-0.7492497499166388,0.0,0.0
-0.7472490830276759,0.0,0.0
-0.745248416138713,0.0,0.0
-0.74324774924975,0.0,0.0
-0.7412470823607866,0.0,0.0
-0.7392464154718237,0.0,0.0
-0.7372457485828607,0.0,0.0
-0.7352450816938978,0.0,0.0
-0.7332444148049349,0.0,0.0
-0.7312437479159719,0.0,0.0
-0.729243081027009,0.0,0.0
-0.727242414138046,0.0,0.0
-0.7252417472490831,0.0,0.0
-0.7232410803601201,0.0,0.0
-0.7212404134711567,0.0,0.0
-0.7192397465821938,0.0,0.0
-0.7172390796932309,0.0,0.0
-0.7152384128042679,0.0,0.0
-0.713237745915305,0.0,0.0
-0.711237079026342,0.0,0.0
-0.7092364121373791,0.0,0.0
-0.7072357452484161,0.0,0.0
-0.7052350783594532,0.0,0.0
-0.7032344114704903,0.0,0.0
-0.7012337445815269,0.0,0.0
-0.6992330776925639,0.0,0.0
-0.697232410803601,0.0,0.0
-0.695231743914638,0.0,0.0
-0.6932310770256751,0.0,0.0
-0.6912304101367122,0.0,0.0
-0.6892297432477492,0.0,0.0
-0.6872290763587863,0.0,0.0
-0.6852284094698233,0.0,0.0
-0.6832277425808604,0.0,0.0
-0.681227075691897,0.0,0.0
-0.6792264088029341,0.0,0.0
-0.6772257419139711,0.0,0.0
-0.6752250750250082,0.0,0.0
-0.6732244081360452,0.0,0.0
-0.6712237412470823,0.0,0.0
-0.6692230743581193,0.0,0.0
-0.6672224074691564,0.0,0.0
-0.6652217405801935,0.0,0.0
-0.6632210736912305,0.0,0.0
-0.6612204068022671,0.0,0.0
-0.6592197399133042,0.0,0.0
-0.6572190730243412,0.0,0.0
-0.6552184061353783,0.0,0.0
-0.6532177392464154,0.0,0.0
-0.6512170723574524,0.0,0.0
-0.6492164054684895,0.0,0.0
-0.6472157385795265,0.0,0.0
-0.6452150716905636,0.0,0.0
-0.6432144048016006,0.0,0.0
-0.6412137379126372,0.0,0.0
-0.6392130710236743,0.0,0.0
-0.6372124041347114,0.0,0.0
-0.6352117372457484,0.0,0.0
-0.6332110703567855,0.0,0.0
-0.6312104034678225,0.0,0.0
-0.6292097365788596,0.0,0.0
-0.6272090696898966,0.0,0.0
-0.6252084028009337,0.0,0.0
-0.6232077359119708,0.0,0.0
-0.6212070690230074,0.0,0.0
-0.6192064021340444,0.0,0.0
-0.6172057352450815,0.0,0.0
-0.6152050683561185,0.0,0.0
-0.6132044014671556,0.0,0.0
-0.6112037345781927,0.0,0.0
-0.6092030676892297,0.0,0.0
-0.6072024008002668,0.0,0.0
-0.6052017339113038,0.0,0.0
-0.6032010670223404,0.0,0.0
-0.6012004001333775,0.0,0.0
-0.5991997332444146,0.0,0.0
-0.5971990663554516,0.0,0.0
-0.5951983994664887,0.0,0.0
-0.5931977325775257,0.0,0.0
-0.5911970656885628,0.0,0.0
-0.5891963987995998,0.0,0.0
-0.5871957319106369,0.0,0.0
-0.585195065021674,0.0,0.0
-0.5831943981327106,0.0,0.0
-0.5811937312437476,0.0,0.0
-0.5791930643547847,0.0,0.0
-0.5771923974658217,0.0,0.0
-0.5751917305768588,0.0,0.0
-0.5731910636878959,0.0,0.0
-0.5711903967989329,0.0,0.0
-0.56918972990997,0.0,0.0
-0.567189063021007,0.0,0.0
-0.5651883961320441,0.0,0.0
-0.5631877292430807,0.0,0.0
-0.5611870623541177,0.0,0.0
-0.5591863954651548,0.0,0.0
-0.5571857285761919,0.0,0.0
-0.5551850616872289,0.0,0.0
-0.553184394798266,0.0,0.0
-0.551183727909303,0.0,0.0
-0.5491830610203401,0.0,0.0
-0.5471823941313771,0.0,0.0
-0.5451817272424142,0.0,0.0
-0.5431810603534508,0.0,0.0
-0.5411803934644879,0.0,0.0
-0.5391797265755249,0.0,0.0
-0.537179059686562,0.0,0.0
-0.535178392797599,0.0,0.0
-0.5331777259086361,0.0,0.0
-0.5311770590196732,0.0,0.0
-0.5291763921307102,0.0,0.0
-0.5271757252417473,0.0,0.0
-0.5251750583527843,0.0,0.0
-0.5231743914638209,0.0,0.0
-0.521173724574858,0.0,0.0
-0.5191730576858951,0.0,0.0
-0.5171723907969321,0.0,0.0
-0.5151717239079692,0.0,0.0
-0.5131710570190062,0.0,0.0
-0.5111703901300433,0.0,0.0
-0.5091697232410803,0.0,0.0
-0.5071690563521174,0.0,0.0
-0.5051683894631545,0.0,0.0
-0.5031677225741911,0.0,0.0
-0.5011670556852281,0.0,0.0
-0.4991663887962652,0.0,0.0
-0.49716572190730224,0.0,0.0
-0.4951650550183393,0.0,0.0
-0.49316438812937635,0.0,0.0
-0.4911637212404134,0.0,0.0
-0.48916305435145047,0.0,0.0
-0.4871623874624875,0.0,0.0
-0.4851617205735246,0.0,0.0
-0.4831610536845612,0.0,0.0
-0.48116038679559825,0.0,0.0
-0.4791597199066353,0.0,0.0
-0.47715905301767236,0.0,0.0
-0.4751583861287094,0.0,0.0
-0.4731577192397465,0.0,0.0
-0.47115705235078353,0.0,0.0
-0.4691563854618206,0.0,0.0
-0.46715571857285765,0.0,0.0
-0.4651550516838947,0.0,0.0
-0.4631543847949313,0.0,0.0
-0.4611537179059684,0.0,0.0
-0.45915305101700543,0.0,0.0
-0.4571523841280425,0.0,0.0
-0.45515171723907955,0.0,0.0
-0.4531510503501166,0.0,0.0
-0.45115038346115366,0.0,0.0
-0.4491497165721907,0.0,0.0
-0.4471490496832278,0.0,0.0
-0.44514838279426483,0.0,0.0
-0.44314771590530144,0.0,0.0
-0.4411470490163385,0.0,0.0
-0.43914638212737556,0.0,0.0
-0.4371457152384126,0.0,0.0
-0.43514504834944967,0.0,0.0
-0.4331443814604867,0.0,0.0
-0.4311437145715238,0.0,0.0
-0.42914304768256084,0.0,0.0
-0.4271423807935979,0.0,0.0
-0.42514171390463495,0.0,0.0
-0.42314104701567157,0.0,0.0
-0.4211403801267086,0.0,0.0
-0.4191397132377457,0.0,0.0
-0.41713904634878274,0.0,0.0
-0.4151383794598198,0.0,0.0
-0.41313771257085685,0.0,0.0
-0.4111370456818939,0.0,0.0
-0.40913637879293097,0.0,0.0
-0.407135711903968,0.0,0.0
-0.4051350450150051,0.0,0.0
-0.4031343781260417,0.0,0.0
-0.40113371123707875,0.0,0.0
-0.3991330443481158,0.0,0.0
-0.39713237745915286,0.0,0.0
-0.3951317105701899,0.0,0.0
-0.393131043681227,0.0,0.0
-0.39113037679226403,0.0,0.0
-0.3891297099033011,0.0,0.0
-0.38712904301433815,0.0,0.0
-0.3851283761253752,0.0,0.0
-0.3831277092364118,0.0,0.0
-0.3811270423474489,0.0,0.0
-0.37912637545848593,0.0,0.0
-0.377125708569523,0.0,0.0
-0.37512504168056005,0.0,0.0
-0.3731243747915971,0.0,0.0
-0.37112370790263416,0.0,0.0
-0.3691230410136712,0.0,0.0
-0.3671223741247083,0.0,0.0
-0.36512170723574533,0.0,0.0
-0.36312104034678194,0.0,0.0
-0.361120373457819,0.0,0.0
-0.35911970656885606,0.0,0.0
-0.3571190396798931,0.0,0.0
-0.35511837279093017,0.0,0.0
-0.3531177059019672,0.0,0.0
-0.3511170390130043,0.0,0.0
-0.34911637212404134,0.0,0.0
-0.3471157052350784,0.0,0.0
-0.34511503834611545,0.0,0.0
-0.34311437145715207,0.0,0.0
-0.3411137045681891,0.0,0.0
-0.3391130376792262,0.0,0.0
-0.33711237079026324,0.0,0.0
-0.3351117039013003,0.0,0.0
-0.33311103701233735,0.0,0.0
-0.3311103701233744,0.0,0.0
-0.32910970323441147,0.0,0.0
-0.3271090363454485,0.0,0.0
-0.3251083694564856,0.0,0.0
-0.3231077025675222,0.0,0.0
-0.32110703567855925,0.0,0.0
-0.3191063687895963,0.0,0.0
-0.31710570190063336,0.0,0.0
-0.3151050350116704,0.0,0.0
-0.3131043681227075,0.0,0.0
-0.31110370123374453,0.0,0.0
-0.3091030343447816,0.0,0.0
-0.30710236745581865,0.0,0.0
-0.3051017005668557,0.0,0.0
-0.3031010336778923,0.0,0.0
-0.3011003667889294,0.0,0.0
-0.29909969989996643,0.0,0.0
-0.2970990330110035,0.0,0.0
-0.29509836612204055,0.0,0.0
-0.2930976992330776,0.0,0.0
-0.29109703234411466,0.0,0.0
-0.2890963654551517,0.0,0.0
-0.2870956985661888,0.0,0.0
-0.28509503167722583,0.0,0.0
-0.28309436478826244,0.0,0.0
-0.2810936978992995,0.0,0.0
-0.27909303101033656,0.0,0.0
-0.2770923641213736,0.0,0.0
-0.27509169723241067,0.0,0.0
-0.2730910303434477,0.0,0.0
-0.2710903634544848,0.0,0.0
-0.26908969656552184,0.0,0.0
-0.2670890296765589,0.0,0.0
-0.2650883627875955,0.0,0.0
-0.26308769589863257,0.0,0.0
-0.2610870290096696,0.0,0.0
-0.2590863621207067,0.0,0.0
-0.25708569523174374,0.0,0.0
-0.2550850283427808,0.0,0.0
-0.25308436145381785,0.0,0.0
-0.2510836945648549,0.0,0.0
-0.24908302767589197,0.0,0.0
-0.24708236078692902,0.0,0.0
-0.24508169389796564,0.0,0.0
-0.2430810270090027,0.0,0.0
-0.24108036012003975,0.0,0.0
-0.2390796932310768,0.0,0.0
-0.23707902634211386,0.0,0.0
-0.23507835945315092,0.0,0.0
-0.23307769256418798,0.0,0.0
-0.23107702567522503,0.0,0.0
-0.2290763587862621,0.0,0.0
-0.22707569189729915,0.0,0.0
-0.22507502500833576,0.0,0.0
-0.22307435811937282,0.0,0.0
-0.22107369123040987,0.0,0.0
-0.21907302434144693,0.0,0.0
-0.217072357452484,0.0,0.0
-0.21507169056352105,0.0,0.0
-0.2130710236745581,0.0,0.0
-0.21107035678559516,0.0,0.0
-0.20906968989663222,0.0,0.0
-0.20706902300766927,0.0,0.0
-0.20506835611870589,0.0,0.0
-0.20306768922974294,0.0,0.0
-0.20106702234078,0.0,0.0
-0.19906635545181706,0.0,0.0
-0.1970656885628541,0.0,0.0
-0.19506502167389117,0.0,0.0
-0.19306435478492823,0.0,0.0
-0.19106368789596528,0.0,0.0
-0.18906302100700234,0.0,0.0
-0.1870623541180394,0.0,0.0
-0.185061687229076,0.0,0.0
-0.18306102034011307,0.0,0.0
-0.18106035345115012,0.0,0.0
-0.17905968656218718,0.0,0.0
-0.17705901967322424,0.0,0.0
-0.1750583527842613,0.0,0.0
-0.17305768589529835,0.0,0.0
-0.1710570190063354,0.0,0.0
-0.16905635211737247,0.0,0.0
-0.16705568522840952,0.0,0.0
-0.16505501833944614,0.0,0.0
-0.1630543514504832,0.0,0.0
-0.16105368456152025,0.0,0.0
-0.1590530176725573,0.0,0.0
-0.15705235078359436,0.0,0.0
-0.15505168389463142,0.0,0.0
-0.15305101700566848,0.0,0.0
-0.15105035011670553,0.0,0.0
-0.1490496832277426,0.0,0.0
-0.14704901633877965,0.0,0.0
-0.14504834944981626,0.0,0.0
-0.14304768256085332,0.0,0.0
-0.14104701567189037,0.0,0.0
-0.13904634878292743,0.0,0.0
-0.1370456818939645,0.0,0.0
-0.13504501500500155,0.0,0.0
-0.1330443481160386,0.0,0.0
-0.13104368122707566,0.0,0.0
-0.12904301433811272,0.0,0.0
-0.12704234744914977,0.0,0.0
-0.12504168056018639,0.0,0.0
-0.12304101367122344,0.0,0.0
-0.1210403467822605,0.0,0.0
-0.11903967989329756,0.0,0.0
-0.11703901300433461,0.0,0.0
-0.11503834611537167,0.0,0.0
-0.11303767922640873,0.0,0.0
-0.11103701233744578,0.0,0.0
-0.10903634544848284,0.0,0.0
-0.1070356785595199,0.0,0.0
-0.10503501167055651,0.0,0.0
-0.10303434478159357,0.0,0.0
-0.10103367789263062,0.0,0.0
-0.09903301100366768,0.0,0.0
-0.09703234411470474,0.0,0.0
-0.0950316772257418,0.0,0.0
-0.09303101033677885,0.0,0.0
-0.09103034344781591,0.0,0.0
-0.08902967655885297,0.0,0.0
-0.08702900966989002,0.0,0.0
-0.08502834278092664,0.0,0.0
-0.08302767589196369,0.0,0.0
-0.08102700900300075,0.0,0.0
-0.0790263421140378,0.0,0.0
-0.07702567522507486,0.0,0.0
-0.07502500833611192,0.0,0.0
-0.07302434144714898,0.0,0.0
-0.07102367455818603,0.0,0.0
-0.06902300766922309,0.0,0.0
-0.06702234078026015,0.0,0.0
-0.06502167389129676,0.0,0.0
-0.06302100700233382,0.0,0.0
-0.061020340113370874,0.0,0.0
-0.05901967322440793,0.0,0.0
-0.05701900633544499,0.0,0.0
-0.055018339446482045,0.0,0.0
-0.0530176725575191,0.0,0.0
-0.05101700566855616,0.0,0.0
-0.049016338779593216,0.0,0.0
-0.04701567189063027,0.0,0.0
-0.045015005001666886,0.0,0.0
-0.04301433811270394,0.0,0.0
-0.041013671223741,0.0,0.0
-0.039013004334778056,0.0,0.0
-0.03701233744581511,0.0,0.0
-0.03501167055685217,0.0,0.0
-0.03301100366788923,0.0,0.0
-0.031010336778926284,0.0,0.0
-0.02900966988996334,0.0,0.0
-0.027009003001000398,0.0,0.0
-0.02500833611203701,0.0,0.0
-0.023007669223074068,0.0,0.0
-0.021007002334111124,0.0,0.0
-0.01900633544514818,0.0,0.0
-0.01700566855618524,0.0,0.0
-0.015005001667222295,0.0,0.0
-0.013004334778259352,0.0,0.0
-0.011003667889296409,0.0,0.0
-0.009003001000333466,0.0,0.0
-0.007002334111370523,0.0,0.0
-0.005001667222407136,0.0,0.0
-0.0030010003334441926,0.0,0.0
-0.0010003334444812495,0.0,0.0
0.0010003334444816936,0.0,0.0
0.0030010003334446367,0.0,0.0
0.00500166722240758,0.0,0.0
0.007002334111370523,0.0,0.0
0.009003001000333466,0.0,0.0
0.011003667889296409,0.0,0.0
0.013004334778259352,0.0,0.0
0.01500500166722274,0.0,0.0
0.017005668556185682,0.0,0.0
0.019006335445148625,0.0,0.0
0.02100700233411157,0.0,0.0
0.02300766922307451,0.0,0.0
0.025008336112037455,0.0,0.0
0.027009003001000398,0.0,0.0
0.02900966988996334,0.0,0.0
0.031010336778926284,0.0,0.0
0.03301100366788923,0.0,0.0
0.035011670556852614,0.0,0.0
0.03701233744581556,0.0,0.0
0.0390130043347785,0.0,0.0
0.041013671223741444,0.0,0.0
0.04301433811270439,0.0,0.0
0.04501500500166733,0.0,0.0
0.04701567189063027,0.0,0.0
0.049016338779593216,0.0,0.0
0.05101700566855616,0.0,0.0
0.0530176725575191,0.0,0.0
0.05501833944648249,0.0,0.0
0.05701900633544543,0.0,0.0
0.059019673224408375,0.0,0.0
0.06102034011337132,0.0,0.0
0.06302100700233426,0.0,0.0
0.0650216738912972,0.0,0.0
0.06702234078026015,0.0,0.0
0.06902300766922309,0.0,0.0
0.07102367455818603,0.0,0.0
0.07302434144714898,0.0,0.0
0.07502500833611236,0.0,0.0
0.07702567522507531,0.0,0.0
0.07902634211403825,0.0,0.0
0.0810270090030012,0.0,0.0
0.08302767589196414,0.0,0.0
0.08502834278092708,0.0,0.0
0.08702900966989002,0.0,0.0
0.08902967655885297,0.0,0.0
0.09103034344781591,0.0,0.0
0.0930310103367793,0.0,0.0
0.09503167722574224,0.0,0.0
0.09703234411470518,0.0,0.0
0.09903301100366813,0.0,0.0
0.10103367789263107,0.0,0.0
0.10303434478159401,0.0,0.0
0.10503501167055695,0.0,0.0
0.1070356785595199,0.0,0.0
0.10903634544848284,0.0,0.0
0.11103701233744578,0.0,0.0
0.11303767922640917,0.0,0.0
0.11503834611537211,0.0,0.0
0.11703901300433506,0.0,0.0
0.119039679893298,0.0,0.0
0.12104034678226094,0.0,0.0
0.12304101367122389,0.0,0.0
0.12504168056018683,0.0,0.0
0.12704234744914977,0.0,0.0
0.12904301433811272,0.0,0.0
0.13104368122707566,0.0,0.0
0.13304434811603905,0.0,0.0
0.135045015005002,0.0,0.0
0.13704568189396493,0.0,0.0
0.13904634878292788,0.0,0.0
0.14104701567189082,0.0,0.0
0.14304768256085376,0.0,0.0
0.1450483494498167,0.0,0.0
0.14704901633877965,0.0,0.0
0.1490496832277426,0.0,0.0
0.15105035011670553,0.0,0.0
0.15305101700566892,0.0,0.0
0.15505168389463186,0.0,0.0
0.1570523507835948,0.0,0.0
0.15905301767255775,0.0,0.0
0.1610536845615207,0.0,0.0
0.16305435145048364,0.0,0.0
0.16505501833944658,0.0,0.0
0.16705568522840952,0.0,0.0
0.16905635211737247,0.0,0.0
0.1710570190063354,0.0,0.0
0.1730576858952988,0.0,0.0
0.17505835278426174,0.0,0.0
0.17705901967322468,0.0,0.0
0.17905968656218763,0.0,0.0
0.18106035345115057,0.0,0.0
0.1830610203401135,0.0,0.0
0.18506168722907645,0.0,0.0
0.1870623541180394,0.0,0.0
0.18906302100700234,0.0,0.0
0.19106368789596528,0.0,0.0
0.19306435478492867,0.0,0.0
0.19506502167389161,0.0,0.0
0.19706568856285456,0.0,0.0
0.1990663554518175,0.0,0.0
0.20106702234078044,0.0,0.0
0.2030676892297434,0.0,0.0
0.20506835611870633,0.0,0.0
0.20706902300766927,0.0,0.0
0.20906968989663222,0.0,0.0
0.21107035678559516,0.0,0.0
0.21307102367455855,0.0,0.0
0.2150716905635215,0.0,0.0
0.21707235745248443,0.0,0.0
0.21907302434144738,0.0,0.0
0.22107369123041032,0.0,0.0
0.22307435811937326,0.0,0.0
0.2250750250083362,0.0,0.0
0.22707569189729915,0.0,0.0
0.2290763587862621,0.0,0.0
0.23107702567522503,0.0,0.0
0.23307769256418842,0.0,0.0
0.23507835945315136,0.0,0.0
0.2370790263421143,0.0,0.0
0.23907969323107725,0.0,0.0
0.2410803601200402,0.0,0.0
0.24308102700900314,0.0,0.0
0.24508169389796608,0.0,0.0
0.24708236078692902,0.0,0.0
0.24908302767589197,0.0,0.0
0.2510836945648549,0.0,0.0
0.2530843614538183,0.0,0.0
0.25508502834278124,0.0,0.0
0.2570856952317442,0.0,0.0
0.2590863621207071,0.0,0.0
0.26108702900967007,0.0,0.0
0.263087695898633,0.0,0.0
0.26508836278759595,0.0,0.0
0.2670890296765589,0.0,0.0
0.26908969656552184,0.0,0.0
0.2710903634544848,0.0,0.0
0.27309103034344817,0.0,0.0
0.2750916972324111,0.0,0.0
0.27709236412137406,0.0,0.0
0.279093031010337,0.0,0.0
0.28109369789929994,0.0,0.0
0.2830943647882629,0.0,0.0
0.28509503167722583,0.0,0.0
0.2870956985661888,0.0,0.0
0.2890963654551517,0.0,0.0
0.29109703234411466,0.0,0.0
0.29309769923307805,0.0,0.0
0.295098366122041,0.0,0.0
0.29709903301100393,0.0,0.0
0.2990996998999669,0.0,0.0
0.3011003667889298,0.0,0.0
0.30310103367789276,0.0,0.0
0.3051017005668557,0.0,0.0
0.30710236745581865,0.0,0.0
0.3091030343447816,0.0,0.0
0.31110370123374453,0.0,0.0
0.3131043681227079,0.0,0.0
0.31510503501167086,0.0,0.0
0.3171057019006338,0.0,0.0
0.31910636878959675,0.0,0.0
0.3211070356785597,0.0,0.0
0.32310770256752264,0.0,0.0
0.3251083694564856,0.0,0.0
0.3271090363454485,0.0,0.0
0.32910970323441147,0.0,0.0
0.3311103701233744,0.0,0.0
0.3331110370123378,0.0,0.0
0.33511170390130074,0.0,0.0
0.3371123707902637,0.0,0.0
0.3391130376792266,0.0,0.0
0.34111370456818957,0.0,0.0
0.3431143714571525,0.0,0.0
0.34511503834611545,0.0,0.0
0.3471157052350784,0.0,0.0
0.34911637212404134,0.0,0.0
0.3511170390130043,0.0,0.0
0.35311770590196767,0.0,0.0
0.3551183727909306,0.0,0.0
0.35711903967989356,0.0,0.0
0.3591197065688565,0.0,0.0
0.36112037345781944,0.0,0.0
0.3631210403467824,0.0,0.0
0.36512170723574533,0.0,0.0
0.3671223741247083,0.0,0.0
0.3691230410136712,0.0,0.0
0.37112370790263416,0.0,0.0
0.37312437479159755,0.0,0.0
0.3751250416805605,0.0,0.0
0.37712570856952343,0.0,0.0
0.3791263754584864,0.0,0.0
0.3811270423474493,0.0,0.0
0.38312770923641226,0.0,0.0
0.3851283761253752,0.0,0.0
0.38712904301433815,0.0,0.0
0.3891297099033011,0.0,0.0
0.39113037679226403,0.0,0.0
0.3931310436812274,0.0,0.0
0.39513171057019036,0.0,0.0
0.3971323774591533,0.0,0.0
0.39913304434811625,0.0,0.0
0.4011337112370792,0.0,0.0
0.40313437812604214,0.0,0.0
0.4051350450150051,0.0,0.0
0.407135711903968,0.0,0.0
0.40913637879293097,0.0,0.0
0.4111370456818939,0.0,0.0
0.4131377125708573,0.0,0.0
0.41513837945982024,0.0,0.0
0.4171390463487832,0.0,0.0
0.4191397132377461,0.0,0.0
0.42114038012670907,0.0,0.0
0.423141047015672,0.0,0.0
0.42514171390463495,0.0,0.0
0.4271423807935979,0.0,0.0
0.42914304768256084,0.0,0.0
0.43114371457152423,0.0,0.0
0.43314438146048717,0.0,0.0
0.4351450483494501,0.0,0.0
0.43714571523841306,0.0,0.0
0.439146382127376,0.0,0.0
0.44114704901633894,0.0,0.0
0.4431477159053019,0.0,0.0
0.44514838279426483,0.0,0.0
0.4471490496832278,0.0,0.0
0.4491497165721907,0.0,0.0
0.4511503834611541,0.0,0.0
0.45315105035011705,0.0,0.0
0.45515171723908,0.0,0.0
0.45715238412804293,0.0,0.0
0.4591530510170059,0.0,0.0
0.4611537179059688,0.0,0.0
0.46315438479493176,0.0,0.0
0.4651550516838947,0.0,0.0
0.46715571857285765,0.0,0.0
0.4691563854618206,0.0,0.0
0.471157052350784,0.0,0.0
0.4731577192397469,0.0,0.0
0.47515838612870986,0.0,0.0
0.4771590530176728,0.0,0.0
0.47915971990663575,0.0,0.0
0.4811603867955987,0.0,0.0
0.48316105368456164,0.0,0.0
0.4851617205735246,0.0,0.0
0.4871623874624875,0.0,0.0
0.48916305435145047,0.0,0.0
0.49116372124041385,0.0,0.0
0.4931643881293768,0.0,0.0
0.49516505501833974,0.0,0.0
0.4971657219073027,0.0,0.0
0.4991663887962656,0.0,0.0
0.5011670556852286,0.0,0.0
0.5031677225741915,0.0,0.0
0.5051683894631545,0.0,0.0
0.5071690563521174,0.0,0.0
0.5091697232410803,0.0,0.0
0.5111703901300437,0.0,0.0
0.5131710570190067,0.0,0.0
0.5151717239079696,0.0,0.0
0.5171723907969326,0.0,0.0
0.5191730576858955,0.0,0.0
0.5211737245748584,0.0,0.0
0.5231743914638214,0.0,0.0
0.5251750583527843,0.0,0.0
0.5271757252417473,0.0,0.0
0.5291763921307102,0.0,0.0
0.5311770590196736,0.0,0.0
0.5331777259086365,0.0,0.0
0.5351783927975995,0.0,0.0
0.5371790596865624,0.0,0.0
0.5391797265755254,0.0,0.0
0.5411803934644883,0.0,0.0
0.5431810603534513,0.0,0.0
0.5451817272424142,0.0,0.0
0.5471823941313771,0.0,0.0
0.5491830610203401,0.0,0.0
0.5511837279093035,0.0,0.0
0.5531843947982664,0.0,0.0
0.5551850616872294,0.0,0.0
0.5571857285761923,0.0,0.0
0.5591863954651553,0.0,0.0
0.5611870623541182,0.0,0.0
0.5631877292430811,0.0,0.0
0.5651883961320441,0.0,0.0
0.567189063021007,0.0,0.0
0.56918972990997,0.0,0.0
0.5711903967989334,0.0,0.0
0.5731910636878963,0.0,0.0
0.5751917305768592,0.0,0.0
0.5771923974658222,0.0,0.0
0.5791930643547851,0.0,0.0
0.5811937312437481,0.0,0.0
0.583194398132711,0.0,0.0
0.585195065021674,0.0,0.0
0.5871957319106369,0.0,0.0
0.5891963987995998,0.0,0.0
0.5911970656885632,0.0,0.0
0.5931977325775262,0.0,0.0
0.5951983994664891,0.0,0.0
0.5971990663554521,0.0,0.0
0.599199733244415,0.0,0.0
0.6012004001333779,0.0,0.0
0.6032010670223409,0.0,0.0
0.6052017339113038,0.0,0.0
0.6072024008002668,0.0,0.0
0.6092030676892297,0.0,0.0
0.6112037345781931,0.0,0.0
0.613204401467156,0.0,0.0
0.615205068356119,0.0,0.0
0.6172057352450819,0.0,0.0
0.6192064021340449,0.0,0.0
0.6212070690230078,0.0,0.0
0.6232077359119708,0.0,0.0
0.6252084028009337,0.0,0.0
0.6272090696898966,0.0,0.0
0.6292097365788596,0.0,0.0
0.631210403467823,0.0,0.0
0.6332110703567859,0.0,0.0
0.6352117372457489,0.0,0.0
0.6372124041347118,0.0,0.0
0.6392130710236748,0.0,0.0
0.6412137379126377,0.0,0.0
0.6432144048016006,0.0,0.0
0.6452150716905636,0.0,0.0
0.6472157385795265,0.0,0.0
0.6492164054684895,0.0,0.0
0.6512170723574529,0.0,0.0
0.6532177392464158,0.0,0.0
0.6552184061353787,0.0,0.0
0.6572190730243417,0.0,0.0
0.6592197399133046,0.0,0.0
0.6612204068022676,0.0,0.0
0.6632210736912305,0.0,0.0
0.6652217405801935,0.0,0.0
0.6672224074691564,0.0,0.0
0.6692230743581193,0.0,0.0
0.6712237412470827,0.0,0.0
0.6732244081360457,0.0,0.0
0.6752250750250086,0.0,0.0
0.6772257419139716,0.0,0.0
0.6792264088029345,0.0,0.0
0.6812270756918974,0.0,0.0
0.6832277425808604,0.0,0.0
0.6852284094698233,0.0,0.0
0.6872290763587863,0.0,0.0
0.6892297432477492,0.0,0.0
0.6912304101367126,0.0,0.0
0.6932310770256755,0.0,0.0
0.6952317439146385,0.0,0.0
0.6972324108036014,0.0,0.0
0.6992330776925644,0.0,0.0
0.7012337445815273,0.0,0.0
0.7032344114704903,0.0,0.0
0.7052350783594532,0.0,0.0
0.7072357452484161,0.0,0.0
0.7092364121373791,0.0,0.0
0.7112370790263425,0.0,0.0
0.7132377459153054,0.0,0.0
0.7152384128042684,0.0,0.0
0.7172390796932313,0.0,0.0
0.7192397465821943,0.0,0.0
0.7212404134711572,0.0,0.0
0.7232410803601201,0.0,0.0
0.7252417472490831,0.0,0.0
0.727242414138046,0.0,0.0
0.729243081027009,0.0,0.0
0.7312437479159724,0.0,0.0
0.7332444148049353,0.0,0.0
0.7352450816938982,0.0,0.0
0.7372457485828612,0.0,0.0
0.7392464154718241,0.0,0.0
0.7412470823607871,0.0,0.0
0.74324774924975,0.0,0.0
0.745248416138713,0.0,0.0
0.7472490830276759,0.0,0.0
0.7492497499166388,0.0,0.0
0.7512504168056022,0.0,0.0
0.7532510836945652,0.0,0.0
0.7552517505835281,0.0,0.0
0.7572524174724911,0.0,0.0
0.759253084361454,0.0,0.0
0.7612537512504169,0.0,0.0
0.7632544181393799,0.0,0.0
0.7652550850283428,0.0,0.0
0.7672557519173058,0.0,0.0
0.7692564188062692,0.0,0.0
0.7712570856952321,0.0,0.0
0.773257752584195,0.0,0.0
0.775258419473158,0.0,0.0
0.7772590863621209,0.0,0.0
0.7792597532510839,0.0,0.0
0.7812604201400468,0.0,0.0
0.7832610870290098,0.0,0.0
0.7852617539179727,0.0,0.0
0.7872624208069356,0.0,0.0
0.789263087695899,0.0,0.0
0.791263754584862,0.0,0.0
0.7932644214738249,0.0,0.0
0.7952650883627879,0.0,0.0
0.7972657552517508,0.0,0.0
0.7992664221407138,0.0,0.0
0.8012670890296767,0.0,0.0
0.8032677559186396,0.0,0.0
0.8052684228076026,0.0,0.0
0.8072690896965655,0.0,0.0
0.8092697565855289,0.0,0.0
0.8112704234744919,0.0,0.0
0.8132710903634548,0.0,0.0
0.8152717572524177,0.0,0.0
0.8172724241413807,0.0,0.0
0.8192730910303436,0.0,0.0
0.8212737579193066,0.0,0.0
0.8232744248082695,0.0,0.0
0.8252750916972325,0.0,0.0
0.8272757585861954,0.0,0.0
0.8292764254751588,0.0,0.0
0.8312770923641217,0.0,0.0
0.8332777592530847,0.0,0.0
0.8352784261420476,0.0,0.0
0.8372790930310106,0.0,0.0
0.8392797599199735,0.0,0.0
0.8412804268089364,0.0,0.0
0.8432810936978994,0.0,0.0
0.8452817605868623,0.0,0.0
0.8472824274758253,0.0,0.0
0.8492830943647887,0.0,0.0
0.8512837612537516,0.0,0.0
0.8532844281427145,0.0,0.0
0.8552850950316775,0.0,0.0
0.8572857619206404,0.0,0.0
0.8592864288096034,0.0,0.0
0.8612870956985663,0.0,0.0
0.8632877625875293,0.0,0.0
0.8652884294764922,0.0,0.0
0.8672890963654551,0.0,0.0
0.8692897632544185,0.0,0.0
0.8712904301433815,0.0,0.0
0.8732910970323444,0.0,0.0
0.8752917639213074,0.0,0.0
0.8772924308102703,0.0,0.0
0.8792930976992333,0.0,0.0
0.8812937645881962,0.0,0.0
0.8832944314771591,0.0,0.0
0.8852950983661221,0.0,0.0
0.887295765255085,0.0,0.0
0.8892964321440484,0.0,0.0
0.8912970990330114,0.0,0.0
0.8932977659219743,0.0,0.0
0.8952984328109372,0.0,0.0
0.8972990996999002,0.0,0.0
0.8992997665888631,0.0,0.0
0.9013004334778261,0.0,0.0
0.903301100366789,0.0,0.0
0.905301767255752,0.0,0.0
0.9073024341447149,0.0,0.0
0.9093031010336783,0.0,0.0
0.9113037679226412,0.0,0.0
0.9133044348116042,0.0,0.0
0.9153051017005671,0.0,0.0
0.9173057685895301,0.0,0.0
0.919306435478493,0.0,0.0
0.9213071023674559,0.0,0.0
0.9233077692564189,0.0,0.0
0.9253084361453818,0.0,0.0
0.9273091030343448,0.0,0.0
0.9293097699233082,0.0,0.0
0.9313104368122711,0.0,0.0
0.933311103701234,0.0,0.0
0.935311770590197,0.0,0.0
0.9373124374791599,0.0,0.0
0.9393131043681229,0.0,0.0
0.9413137712570858,0.0,0.0
0.9433144381460488,0.0,0.0
0.9453151050350117,0.0,0.0
0.9473157719239746,0.0,0.0
0.949316438812938,0.0,0.0
0.951317105701901,0.0,0.0
0.9533177725908639,0.0,0.0
0.9553184394798269,0.0,0.0
0.9573191063687898,0.0,0.0
0.9593197732577528,0.0,0.0
0.9613204401467157,0.0,0.0
0.9633211070356786,0.0,0.0
0.9653217739246416,0.0,0.0
0.9673224408136045,0.0,0.0
0.9693231077025679,0.0,0.0
0.9713237745915309,0.0,0.0
0.9733244414804938,0.0,0.0
0.9753251083694567,0.0,0.0
0.9773257752584197,0.0,0.0
0.9793264421473826,0.0,0.0
0.9813271090363456,0.0,0.0
0.9833277759253085,0.0,0.0
0.9853284428142715,0.0,0.0
0.9873291097032344,0.0,0.0
0.9893297765921978,0.0,0.0
0.9913304434811607,0.0,0.0
0.9933311103701237,0.0,0.0
0.9953317772590866,0.0,0.0
0.9973324441480496,0.0,0.0
0.9993331110370125,0.0,0.0
1.0013337779259759,0.0,0.0
1.0033344448149384,0.0,0.0
1.0053351117039018,0.0,0.0
1.0073357785928643,0.0,0.0
1.0093364454818277,0.0,0.0
1.0113371123707902,0.0,0.0
1.0133377792597535,0.0,0.0
1.015338446148716,0.0,0.0
1.0173391130376794,0.0,0.0
1.0193397799266428,0.0,0.0
1.0213404468156053,0.0,0.0
1.0233411137045687,0.0,0.0
1.0253417805935312,0.0,0.0
1.0273424474824946,0.0,0.0
1.029343114371457,0.0,0.0
1.0313437812604205,0.0,0.0
1.033344448149383,0.0,0.0
1.0353451150383464,0.0,0.0
1.0373457819273089,0.0,0.0
1.0393464488162723,0.0,0.0
1.0413471157052356,0.0,0.0
1.0433477825941981,0.0,0.0
1.0453484494831615,0.0,0.0
1.047349116372124,0.0,0.0
1.0493497832610874,0.0,0.0
1.05135045015005,0.0,0.0
1.0533511170390133,0.0,0.0
1.0553517839279758,0.0,0.0
1.0573524508169392,0.0,0.0
1.0593531177059026,0.0,0.0
1.061353784594865,0.0,0.0
1.0633544514838285,0.0,0.0
1.065355118372791,0.0,0.0
1.0673557852617543,0.0,0.0
1.0693564521507168,0.0,0.0
1.0713571190396802,0.0,0.0
1.0733577859286427,0.0,0.0
1.0753584528176061,0.0,0.0
1.0773591197065686,0.0,0.0
1.079359786595532,0.0,0.0
1.0813604534844954,0.0,0.0
1.0833611203734579,0.0,0.0
1.0853617872624213,0.0,0.0
1.0873624541513838,0.0,0.0
1.0893631210403472,0.0,0.0
1.0913637879293097,0.0,0.0
1.093364454818273,0.0,0.0
1.0953651217072355,0.0,0.0
1.097365788596199,0.0,0.0
1.0993664554851623,0.0,0.0
1.1013671223741248,0.0,0.0
1.1033677892630882,0.0,0.0
1.1053684561520507,0.0,0.0
1.107369123041014,0.0,0.0
1.1093697899299766,0.0,0.0
1.11137045681894,0.0,0.0
1.1133711237079025,0.0,0.0
1.1153717905968659,0.0,0.0
1.1173724574858293,0.0,0.0
1.1193731243747918,0.0,0.0
1.1213737912637551,0.0,0.0
1.1233744581527176,0.0,0.0
1.125375125041681,0.0,0.0
1.1273757919306435,0.0,0.0
1.129376458819607,0.0,0.0
1.1313771257085694,0.0,0.0
1.1333777925975328,0.0,0.0
1.1353784594864953,0.0,0.0
1.1373791263754587,0.0,0.0
1.139379793264422,0.0,0.0
1.1413804601533846,0.0,0.0
1.143381127042348,0.0,0.0
1.1453817939313105,0.0,0.0
1.1473824608202738,0.0,0.0
1.1493831277092363,0.0,0.0
1.1513837945981997,0.0,0.0
1.1533844614871622,0.0,0.0
1.1553851283761256,0.0,0.0
1.157385795265089,0.0,0.0
1.1593864621540515,0.0,0.0
1.1613871290430149,0.0,0.0
1.1633877959319774,0.0,0.0
1.1653884628209408,0.0,0.0
1.1673891297099033,0.0,0.0
1.1693897965988667,0.0,0.0
1.1713904634878292,0.0,0.0
1.1733911303767925,0.0,0.0
1.175391797265755,0.0,0.0
1.1773924641547184,0.0,0.0
1.1793931310436818,0.0,0.0
1.1813937979326443,0.0,0.0
1.1833944648216077,0.0,0.0
1.1853951317105702,0.0,0.0
1.1873957985995336,0.0,0.0
1.189396465488496,0.0,0.0
1.1913971323774595,0.0,0.0
1.193397799266422,0.0,0.0
1.1953984661553854,0.0,0.0
1.1973991330443488,0.0,0.0
1.1993997999333113,0.0,0.0
1.2014004668222746,0.0,0.0
1.2034011337112371,0.0,0.0
1.2054018006002005,0.0,0.0
1.207402467489163,0.0,0.0
1.2094031343781264,0.0,0.0
1.211403801267089,0.0,0.0
1.2134044681560523,0.0,0.0
1.2154051350450148,0.0,0.0
1.2174058019339782,0.0,0.0
1.2194064688229416,0.0,0.0
1.221407135711904,0.0,0.0
1.2234078026008675,0.0,0.0
1.22540846948983,0.0,0.0
1.2274091363787933,0.0,0.0
1.2294098032677558,0.0,0.0
1.2314104701567192,0.0,0.0
1.2334111370456817,0.0,0.0
1.2354118039346451,0.0,0.0
1.2374124708236085,0.0,0.0
1.239413137712571,0.0,0.0
1.2414138046015344,0.0,0.0
1.2434144714904969,0.0,0.0
1.2454151383794603,0.0,0.0
1.2474158052684228,0.0,0.0
1.2494164721573862,0.0,0.0
1.2514171390463487,0.0,0.0
1.253417805935312,0.0,0.0
1.2554184728242745,0.0,0.0
1.257419139713238,0.0,0.0
1.2594198066022013,0.0,0.0
1.2614204734911638,0.0,0.0
1.2634211403801272,0.0,0.0
1.2654218072690897,0.0,0.0
1.267422474158053,0.0,0.0
1.2694231410470156,0.0,0.0
1.271423807935979,0.0,0.0
1.2734244748249415,0.0,0.0
1.2754251417139049,0.0,0.0
1.2774258086028683,0.0,0.0
1.2794264754918308,0.0,0.0
1.2814271423807941,0.0,0.0
1.2834278092697566,0.0,0.0
1.28542847615872,0.0,0.0
1.2874291430476825,0.0,0.0
1.289429809936646,0.0,0.0
1.2914304768256084,0.0,0.0
1.2934311437145718,0.0,0.0
1.2954318106035343,0.0,0.0
1.2974324774924977,0.0,0.0
1.299433144381461,0.0,0.0
1.3014338112704236,0.0,0.0
1.303434478159387,0.0,0.0
1.3054351450483495,0.0,0.0
1.3074358119373128,0.0,0.0
1.3094364788262753,0.0,0.0
1.3114371457152387,0.0,0.0
1.3134378126042012,0.0,0.0
1.3154384794931646,0.0,0.0
1.317439146382128,0.0,0.0
1.3194398132710905,0.0,0.0
1.3214404801600539,0.0,0.0
1.3234411470490164,0.0,0.0
1.3254418139379798,0.0,0.0
1.3274424808269423,0.0,0.0
1.3294431477159057,0.0,0.0
1.3314438146048682,0.0,0.0
1.3334444814938315,0.0,0.0
1.335445148382794,0.0,0.0
1.3374458152717574,0.0,0.0
1.3394464821607208,0.0,0.0
1.3414471490496833,0.0,0.0
1.3434478159386467,0.0,0.0
1.3454484828276092,0.0,0.0
1.3474491497165726,0.0,0.0
1.349449816605535,0.0,0.0
1.3514504834944985,0.0,0.0
1.353451150383461,0.0,0.0
1.3554518172724244,0.0,0.0
1.3574524841613878,0.0,0.0
1.3594531510503503,0.0,0.0
1.3614538179393136,0.0,0.0
1.3634544848282761,0.0,0.0
1.3654551517172395,0.0,0.0
1.367455818606202,0.0,0.0
1.3694564854951654,0.0,0.0
1.371457152384128,0.0,0.0
1.3734578192730913,0.0,0.0
1.3754584861620538,0.0,0.0
1.3774591530510172,0.0,0.0
1.3794598199399806,0.0,0.0
1.381460486828943,0.0,0.0
1.3834611537179065,0.0,0.0
1.385461820606869,0.0,0.0
1.3874624874958323,0.0,0.0
1.3894631543847948,0.0,0.0
1.3914638212737582,0.0,0.0
1.3934644881627207,0.0,0.0
1.3954651550516841,0.0,0.0
1.3974658219406475,0.0,0.0
1.39946648882961,0.0,0.0
1.4014671557185734,0.0,0.0
1.4034678226075359,0.0,0.0
1.4054684894964993,0.0,0.0
1.4074691563854618,0.0,0.0
1.4094698232744252,0.0,0.0
1.4114704901633877,0.0,0.0
1.413471157052351,0.0,0.0
1.4154718239413135,0.0,0.0
1.417472490830277,0.0,0.0
1.4194731577192403,0.0,0.0
1.4214738246082028,0.0,0.0
1.4234744914971662,0.0,0.0
1.4254751583861287,0.0,0.0
1.427475825275092,0.0,0.0
1.4294764921640546,0.0,0.0
1.431477159053018,0.0,0.0
1.4334778259419805,0.0,0.0
1.4354784928309439,0.0,0.0
1.4374791597199073,0.0,0.0
1.4394798266088698,0.0,0.0
1.4414804934978331,0.0,0.0
1.4434811603867956,0.0,0.0
1.445481827275759,0.0,0.0
1.4474824941647215,0.0,0.0
1.449483161053685,0.0,0.0
1.4514838279426474,0.0,0.0
1.4534844948316108,0.0,0.0
1.4554851617205742,0.0,0.0
1.4574858286095367,0.0,0.0
1.4594864954985,0.0,0.0
1.4614871623874626,0.0,0.0
1.463487829276426,0.0,0.0
1.4654884961653885,0.0,0.0
1.4674891630543518,0.0,0.0
1.4694898299433143,0.0,0.0
1.4714904968322777,0.0,0.0
1.4734911637212402,0.0,0.0
1.4754918306102036,0.0,0.0
1.477492497499167,0.0,0.0
1.4794931643881295,0.0,0.0
1.4814938312770929,0.0,0.0
1.4834944981660554,0.0,0.0
1.4854951650550188,0.0,0.0
1.4874958319439813,0.0,0.0
1.4894964988329447,0.0,0.0
1.4914971657219072,0.0,0.0
1.4934978326108705,0.0,0.0
1.495498499499834,0.0,0.0
1.4974991663887964,0.0,0.0
1.4994998332777598,0.0,0.0
1.5015005001667223,0.0,0.0
1.5035011670556857,0.0,0.0
1.5055018339446482,0.0,0.0
1.5075025008336116,0.0,0.0
1.509503167722574,0.0,0.0
1.5115038346115375,0.0,0.0
1.5135045015005,0.0,0.0
1.5155051683894634,0.0,0.0
1.5175058352784268,0.0,0.0
1.5195065021673893,0.0,0.0
1.5215071690563526,0.0,0.0
1.5235078359453151,0.0,0.0
1.5255085028342785,0.0,0.0
1.527509169723241,0.0,0.0
1.5295098366122044,0.0,0.0
1.531510503501167,0.0,0.0
1.5335111703901303,0.0,0.0
1.5355118372790937,0.0,0.0
1.5375125041680562,0.0,0.0
1.5395131710570196,0.0,0.0
1.541513837945982,0.0,0.0
1.5435145048349455,0.0,0.0
1.545515171723908,0.0,0.0
1.5475158386128713,0.0,0.0
1.5495165055018338,0.0,0.0
1.5515171723907972,0.0,0.0
1.5535178392797597,0.0,0.0
1.5555185061687231,0.0,0.0
1.5575191730576865,0.0,0.0
1.559519839946649,0.0,0.0
1.5615205068356124,0.0,0.0
1.5635211737245749,0.0,0.0
1.5655218406135383,0.0,0.0
1.5675225075025008,0.0,0.0
1.5695231743914642,0.0,0.0
1.5715238412804267,0.0,0.0
1.57352450816939,0.0,0.0
1.5755251750583534,0.0,0.0
1.577525841947316,0.0,0.0
1.5795265088362793,0.0,0.0
1.5815271757252418,0.0,0.0
1.5835278426142052,0.0,0.0
1.5855285095031677,0.0,0.0
1.587529176392131,0.0,0.0
1.5895298432810936,0.0,0.0
1.591530510170057,0.0,0.0
1.5935311770590195,0.0,0.0
1.5955318439479829,0.0,0.0
1.5975325108369463,0.0,0.0
1.5995331777259088,0.0,0.0
1.6015338446148721,0.0,0.0
1.6035345115038346,0.0,0.0
1.605535178392798,0.0,0.0
1.6075358452817605,0.0,0.0
1.609536512170724,0.0,0.0
1.6115371790596864,0.0,0.0
1.6135378459486498,0.0,0.0
1.6155385128376132,0.0,0.0
1.6175391797265757,0.0,0.0
1.619539846615539,0.0,0.0
1.6215405135045016,0.0,0.0
1.623541180393465,0.0,0.0
1.6255418472824275,0.0,0.0
1.6275425141713908,0.0,0.0
1.6295431810603533,0.0,0.0
1.6315438479493167,0.0,0.0
1.6335445148382792,0.0,0.0
1.6355451817272426,0.0,0.0
1.637545848616206,0.0,0.0
1.6395465155051685,0.0,0.0
1.6415471823941319,0.0,0.0
1.6435478492830944,0.0,0.0
1.6455485161720578,0.0,0.0
1.6475491830610203,0.0,0.0
1.6495498499499837,0.0,0.0
1.6515505168389462,0.0,0.0
1.6535511837279095,0.0,0.0
1.655551850616873,0.0,0.0
1.6575525175058354,0.0,0.0
1.6595531843947988,0.0,0.0
1.6615538512837613,0.0,0.0
1.6635545181727247,0.0,0.0
1.6655551850616872,0.0,0.0
1.6675558519506506,0.0,0.0
1.669556518839613,0.0,0.0
1.6715571857285765,0.0,0.0
1.673557852617539,0.0,0.0
1.6755585195065024,0.0,0.0
1.6775591863954658,0.0,0.0
1.6795598532844283,0.0,0.0
1.6815605201733916,0.0,0.0
1.6835611870623541,0.0,0.0
1.6855618539513175,0.0,0.0
1.68756252084028,0.0,0.0
1.6895631877292434,0.0,0.0
1.691563854618206,0.0,0.0
1.6935645215071693,0.0,0.0
1.6955651883961327,0.0,0.0
1.6975658552850952,0.0,0.0
1.6995665221740586,0.0,0.0
1.701567189063021,0.0,0.0
1.7035678559519845,0.0,0.0
1.705568522840947,0.0,0.0
1.7075691897299103,0.0,0.0
1.7095698566188728,0.0,0.0
1.7115705235078362,0.0,0.0
1.7135711903967987,0.0,0.0
1.7155718572857621,0.0,0.0
1.7175725241747255,0.0,0.0
1.719573191063688,0.0,0.0
1.7215738579526514,0.0,0.0
1.7235745248416139,0.0,0.0
1.7255751917305773,0.0,0.0
1.7275758586195398,0.0,0.0
1.7295765255085032,0.0,0.0
1.7315771923974657,0.0,0.0
1.733577859286429,0.0,0.0
1.7355785261753924,0.0,0.0
1.737579193064355,0.0,0.0
1.7395798599533183,0.0,0.0
1.7415805268422808,0.0,0.0
1.7435811937312442,0.0,0.0
1.7455818606202067,0.0,0.0
1.74758252750917,0.0,0.0
1.7495831943981326,0.0,0.0
1.751583861287096,0.0,0.0
1.7535845281760585,0.0,0.0
1.7555851950650219,0.0,0.0
1.7575858619539853,0.0,0.0
1.7595865288429478,0.0,0.0
1.7615871957319111,0.0,0.0
1.7635878626208736,0.0,0.0
1.765588529509837,0.0,0.0
1.7675891963987995,0.0,0.0
1.769589863287763,0.0,0.0
1.7715905301767254,0.0,0.0
1.7735911970656888,0.0,0.0
1.7755918639546522,0.0,0.0
1.7775925308436147,0.0,0.0
1.779593197732578,0.0,0.0
1.7815938646215406,0.0,0.0
1.783594531510504,0.0,0.0
1.7855951983994665,0.0,0.0
1.7875958652884298,0.0,0.0
1.7895965321773923,0.0,0.0
1.7915971990663557,0.0,0.0
1.7935978659553191,0.0,0.0
1.7955985328442816,0.0,0.0
1.797599199733245,0.0,0.0
1.7995998666222075,0.0,0.0
1.8016005335111709,0.0,0.0
1.8036012004001334,0.0,0.0
1.8056018672890968,0.0,0.0
1.8076025341780593,0.0,0.0
1.8096032010670227,0.0,0.0
1.8116038679559852,0.0,0.0
1.8136045348449485,0.0,0.0
1.815605201733912,0.0,0.0
1.8176058686228744,0.0,0.0
1.8196065355118378,0.0,0.0
1.8216072024008003,0.0,0.0
1.8236078692897637,0.0,0.0
1.8256085361787262,0.0,0.0
1.8276092030676896,0.0,0.0
1.829609869956652,0.0,0.0
1.8316105368456155,0.0,0.0
1.8336112037345789,0.0,0.0
1.8356118706235414,0.0,0.0
1.8376125375125048,0.0,0.0
1.8396132044014673,0.0,0.0
1.8416138712904306,0.0,0.0
1.8436145381793931,0.0,0.0
1.8456152050683565,0.0,0.0
1.847615871957319,0.0,0.0
1.8496165388462824,0.0,0.0
1.851617205735245,0.0,0.0
1.8536178726242083,0.0,0.0
1.8556185395131717,0.0,0.0
1.8576192064021342,0.0,0.0
1.8596198732910976,0.0,0.0
1.86162054018006,0.0,0.0
1.8636212070690235,0.0,0.0
1.865621873957986,0.0,0.0
1.8676225408469493,0.0,0.0
1.8696232077359118,0.0,0.0
1.8716238746248752,0.0,0.0
1.8736245415138386,0.0,0.0
1.8756252084028011,0.0,0.0
1.8776258752917645,0.0,0.0
1.879626542180727,0.0,0.0
1.8816272090696904,0.0,0.0
1.8836278759586529,0.0,0.0
1.8856285428476163,0.0,0.0
1.8876292097365788,0.0,0.0
1.8896298766255422,0.0,0.0
1.8916305435145047,0.0,0.0
1.893631210403468,0.0,0.0
1.8956318772924314,0.0,0.0
1.897632544181394,0.0,0.0
1.8996332110703573,0.0,0.0
1.9016338779593198,0.0,0.0
1.9036345448482832,0.0,0.0
1.9056352117372457,0.0,0.0
1.907635878626209,0.0,0.0
1.9096365455151716,0.0,0.0
1.911637212404135,0.0,0.0
1.9136378792930984,0.0,0.0
1.9156385461820609,0.0,0.0
1.9176392130710243,0.0,0.0
1.9196398799599868,0.0,0.0
1.9216405468489501,0.0,0.0
1.9236412137379126,0.0,0.0
1.925641880626876,0.0,0.0
1.9276425475158385,0.0,0.0
1.929643214404802,0.0,0.0
1.9316438812937644,0.0,0.0
1.9336445481827278,0.0,0.0
1.9356452150716912,0.0,0.0
1.9376458819606537,0.0,0.0
1.939646548849617,0.0,0.0
1.9416472157385796,0.0,0.0
1.943647882627543,0.0,0.0
1.9456485495165055,0.0,0.0
1.9476492164054688,0.0,0.0
1.9496498832944313,0.0,0.0
1.9516505501833947,0.0,0.0
1.9536512170723581,0.0,0.0
1.9556518839613206,0.0,0.0
1.957652550850284,0.0,0.0
1.9596532177392465,0.0,0.0
1.9616538846282099,0.0,0.0
1.9636545515171724,0.0,0.0
1.9656552184061358,0.0,0.0
1.9676558852950983,0.0,0.0
1.9696565521840617,0.0,0.0
1.9716572190730242,0.0,0.0
1.9736578859619875,0.0,0.0
1.975658552850951,0.0,0.0
1.9776592197399134,0.0,0.0
1.9796598866288768,0.0,0.0
1.9816605535178393,0.0,0.0
1.9836612204068027,0.0,0.0
1.9856618872957652,0.0,0.0
1.9876625541847286,0.0,0.0
1.989663221073691,0.0,0.0
1.9916638879626545,0.0,0.0
1.9936645548516179,0.0,0.0
1.9956652217405804,0.0,0.0
1.9976658886295438,0.0,0.0
1.9996665555185063,0.0,0.0
2.0016672224074696,0.0,0.0
2.003667889296432,0.0,0.0
2.0056685561853955,0.0,0.0
2.007669223074358,0.0,0.0
2.0096698899633214,0.0,0.0
2.011670556852284,0.0,0.0
2.0136712237412473,0.0,0.0
2.0156718906302107,0.0,0.0
2.017672557519173,0.0,0.0
2.0196732244081366,0.0,0.0
2.021673891297099,0.0,0.0
2.0236745581860625,0.0,0.0
2.025675225075025,0.0,0.0
2.0276758919639883,0.0,0.0
2.029676558852951,0.0,0.0
2.0316772257419142,0.0,0.0
2.0336778926308776,0.0,0.0
2.03567855951984,0.0,0.0
2.0376792264088035,0.0,0.0
2.039679893297766,0.0,0.0
2.0416805601867294,0.0,0.0
2.043681227075692,0.0,0.0
2.0456818939646553,0.0,0.0
2.0476825608536178,0.0,0.0
2.049683227742581,0.0,0.0
2.0516838946315437,0.0,0.0
2.053684561520507,0.0,0.0
2.0556852284094704,0.0,0.0
2.057685895298433,0.0,0.0
2.0596865621873963,0.0,0.0
2.061687229076359,0.0,0.0
2.063687895965322,0.0,0.0
2.0656885628542847,0.0,0.0
2.067689229743248,0.0,0.0
2.0696898966322106,0.0,0.0
2.071690563521174,0.0,0.0
2.0736912304101374,0.0,0.0
2.0756918972991,0.0,0.0
2.0776925641880633,0.0,0.0
2.0796932310770258,0.0,0.0
2.081693897965989,0.0,0.0
2.0836945648549516,0.0,0.0
2.085695231743915,0.0,0.0
2.0876958986328775,0.0,0.0
2.089696565521841,0.0,0.0
2.0916972324108034,0.0,0.0
2.093697899299767,0.0,0.0
2.09569856618873,0.0,0.0
2.0976992330776927,0.0,0.0
2.099699899966656,0.0,0.0
2.1017005668556186,0.0,0.0
2.103701233744582,0.0,0.0
2.1057019006335445,0.0,0.0
2.107702567522508,0.0,0.0
2.1097032344114703,0.0,0.0
2.1117039013004337,0.0,0.0
2.113704568189397,0.0,0.0
2.1157052350783596,0.0,0.0
2.117705901967323,0.0,0.0
2.1197065688562855,0.0,0.0
2.121707235745249,0.0,0.0
2.1237079026342114,0.0,0.0
2.1257085695231748,0.0,0.0
2.1277092364121373,0.0,0.0
2.1297099033011007,0.0,0.0
2.131710570190064,0.0,0.0
2.1337112370790265,0.0,0.0
2.13571190396799,0.0,0.0
2.1377125708569524,0.0,0.0
2.139713237745916,0.0,0.0
2.1417139046348783,0.0,0.0
2.1437145715238417,0.0,0.0
2.145715238412804,0.0,0.0
2.1477159053017676,0.0,0.0
2.14971657219073,0.0,0.0
2.1517172390796935,0.0,0.0
2.153717905968657,0.0,0.0
2.1557185728576194,0.0,0.0
2.1577192397465828,0.0,0.0
2.1597199066355453,0.0,0.0
2.1617205735245086,0.0,0.0
2.163721240413471,0.0,0.0
2.1657219073024345,0.0,0.0
2.167722574191397,0.0,0.0
2.1697232410803604,0.0,0.0
2.171723907969324,0.0,0.0
2.1737245748582863,0.0,0.0
2.1757252417472497,0.0,0.0
2.177725908636212,0.0,0.0
2.1797265755251756,0.0,0.0
2.181727242414138,0.0,0.0
2.1837279093031015,0.0,0.0
2.185728576192064,0.0,0.0
2.1877292430810273,0.0,0.0
2.18972990996999,0.0,0.0
2.1917305768589532,0.0,0.0
2.1937312437479166,0.0,0.0
2.195731910636879,0.0,0.0
2.1977325775258425,0.0,0.0
2.199733244414805,0.0,0.0
2.2017339113037684,0.0,0.0
2.203734578192731,0.0,0.0
2.2057352450816943,0.0,0.0
2.2077359119706568,0.0,0.0
2.20973657885962,0.0,0.0
2.2117372457485835,0.0,0.0
2.213737912637546,0.0,0.0
2.2157385795265094,0.0,0.0
2.217739246415472,0.0,0.0
2.2197399133044353,0.0,0.0
2.221740580193398,0.0,0.0
2.223741247082361,0.0,0.0
2.2257419139713237,0.0,0.0
2.227742580860287,0.0,0.0
2.2297432477492496,0.0,0.0
2.231743914638213,0.0,0.0
2.2337445815271764,0.0,0.0
2.235745248416139,0.0,0.0
2.2377459153051023,0.0,0.0
2.2397465821940648,0.0,0.0
2.241747249083028,0.0,0.0
2.2437479159719906,0.0,0.0
2.245748582860954,0.0,0.0
2.2477492497499165,0.0,0.0
2.24974991663888,0.0,0.0
2.2517505835278433,0.0,0.0
2.253751250416806,0.0,0.0
2.255751917305769,0.0,0.0
2.2577525841947317,0.0,0.0
2.259753251083695,0.0,0.0
2.2617539179726576,0.0,0.0
2.263754584861621,0.0,0.0
2.2657552517505835,0.0,0.0
2.267755918639547,0.0,0.0
2.2697565855285093,0.0,0.0
2.2717572524174727,0.0,0.0
2.273757919306436,0.0,0.0
2.2757585861953986,0.0,0.0
2.277759253084362,0.0,0.0
2.2797599199733245,0.0,0.0
2.281760586862288,0.0,0.0
2.2837612537512504,0.0,0.0
2.2857619206402138,0.0,0.0
2.2877625875291763,0.0,0.0
2.2897632544181397,0.0,0.0
2.291763921307103,0.0,0.0
2.2937645881960655,0.0,0.0
2.295765255085029,0.0,0.0
2.2977659219739914,0.0,0.0
2.299766588862955,0.0,0.0
2.3017672557519173,0.0,0.0
2.3037679226408807,0.0,0.0
2.305768589529843,0.0,0.0
2.3077692564188066,0.0,0.0
2.309769923307769,0.0,0.0
2.3117705901967325,0.0,0.0
2.313771257085696,0.0,0.0
2.3157719239746584,0.0,0.0
2.3177725908636218,0.0,0.0
2.3197732577525843,0.0,0.0
2.3217739246415476,0.0,0.0
2.32377459153051,0.0,0.0
2.3257752584194735,0.0,0.0
2.327775925308436,0.0,0.0
2.3297765921973994,0.0,0.0
2.331777259086363,0.0,0.0
2.3337779259753253,0.0,0.0
2.3357785928642887,0.0,0.0
2.337779259753251,0.0,0.0
2.3397799266422146,0.0,0.0
2.341780593531177,0.0,0.0
2.3437812604201405,0.0,0.0
2.345781927309103,0.0,0.0
2.3477825941980663,0.0,0.0
2.349783261087029,0.0,0.0
2.3517839279759922,0.0,0.0
2.3537845948649556,0.0,0.0
2.355785261753918,0.0,0.0
2.3577859286428815,0.0,0.0
2.359786595531844,0.0,0.0
2.3617872624208074,0.0,0.0
2.36378792930977,0.0,0.0
2.3657885961987333,0.0,0.0
2.3677892630876958,0.0,0.0
2.369789929976659,0.0,0.0
2.3717905968656225,0.0,0.0
2.373791263754585,0.0,0.0
2.3757919306435484,0.0,0.0
2.377792597532511,0.0,0.0
2.3797932644214743,0.0,0.0
2.381793931310437,0.0,0.0
2.3837945981994,0.0,0.0
2.3857952650883627,0.0,0.0
2.387795931977326,0.0,0.0
2.3897965988662886,0.0,0.0
2.391797265755252,0.0,0.0
2.3937979326442154,0.0,0.0
2.395798599533178,0.0,0.0
2.3977992664221413,0.0,0.0
2.3997999333111038,0.0,0.0
2.401800600200067,0.0,0.0
2.4038012670890296,0.0,0.0
2.405801933977993,0.0,0.0
2.4078026008669555,0.0,0.0
2.409803267755919,0.0,0.0
2.4118039346448823,0.0,0.0
2.413804601533845,0.0,0.0
2.415805268422808,0.0,0.0
2.4178059353117707,0.0,0.0
2.419806602200734,0.0,0.0
2.4218072690896966,0.0,0.0
2.42380793597866,0.0,0.0
2.4258086028676225,0.0,0.0
2.427809269756586,0.0,0.0
2.4298099366455483,0.0,0.0
2.4318106035345117,0.0,0.0
2.433811270423475,0.0,0.0
2.4358119373124376,0.0,0.0
2.437812604201401,0.0,0.0
2.4398132710903635,0.0,0.0
2.441813937979327,0.0,0.0
2.4438146048682894,0.0,0.0
2.4458152717572528,0.0,0.0
2.4478159386462153,0.0,0.0
2.4498166055351787,0.0,0.0
2.451817272424142,0.0,0.0
2.4538179393131045,0.0,0.0
2.455818606202068,0.0,0.0
2.4578192730910304,0.0,0.0
2.459819939979994,0.0,0.0
2.4618206068689563,0.0,0.0
2.4638212737579197,0.0,0.0
2.465821940646882,0.0,0.0
2.4678226075358456,0.0,0.0
2.469823274424809,0.0,0.0
2.4718239413137715,0.0,0.0
2.473824608202735,0.0,0.0
2.4758252750916974,0.0,0.0
2.4778259419806608,0.0,0.0
2.4798266088696233,0.0,0.0
2.4818272757585866,0.0,0.0
2.483827942647549,0.0,0.0
2.4858286095365125,0.0,0.0
2.487829276425475,0.0,0.0
2.4898299433144384,0.0,0.0
2.491830610203402,0.0,0.0
2.4938312770923643,0.0,0.0
2.4958319439813277,0.0,0.0
2.49783261087029,0.0,0.0
2.4998332777592536,0.0,0.0
2.501833944648216,0.0,0.0
2.5038346115371795,0.0,0.0
2.505835278426142,0.0,0.0
2.5078359453151053,0.0,0.0
2.5098366122040687,0.0,0.0
2.5118372790930312,0.0,0.0
2.5138379459819946,0.0,0.0
2.515838612870957,0.0,0.0
2.5178392797599205,0.0,0.0
2.519839946648883,0.0,0.0
2.5218406135378464,0.0,0.0
2.523841280426809,0.0,0.0
2.5258419473157723,0.0,0.0
2.5278426142047348,0.0,0.0
2.529843281093698,0.0,0.0
2.5318439479826615,0.0,0.0
2.533844614871624,0.0,0.0
2.5358452817605874,0.0,0.0
2.53784594864955,0.0,0.0
2.5398466155385133,0.0,0.0
2.541847282427476,0.0,0.0
2.543847949316439,0.0,0.0
2.5458486162054017,0.0,0.0
2.547849283094365,0.0,0.0
2.5498499499833285,0.0,0.0
2.551850616872291,0.0,0.0
2.5538512837612544,0.0,0.0
2.555851950650217,0.0,0.0
2.5578526175391803,0.0,0.0
2.5598532844281428,0.0,0.0
2.561853951317106,0.0,0.0
2.5638546182060686,0.0,0.0
2.565855285095032,0.0,0.0
2.5678559519839945,0.0,0.0
2.569856618872958,0.0,0.0
2.5718572857619213,0.0,0.0
2.573857952650884,0.0,0.0
2.575858619539847,0.0,0.0
2.5778592864288097,0.0,0.0
2.579859953317773,0.0,0.0
2.5818606202067356,0.0,0.0
2.583861287095699,0.0,0.0
2.5858619539846615,0.0,0.0
2.587862620873625,0.0,0.0
2.5898632877625882,0.0,0.0
2.5918639546515507,0.0,0.0
2.593864621540514,0.0,0.0
2.5958652884294766,0.0,0.0
2.59786595531844,0.0,0.0
2.5998666222074025,0.0,0.0
2.601867289096366,0.0,0.0
2.6038679559853284,0.0,0.0
2.6058686228742918,0.0,0.0
2.6078692897632543,0.0,0.0
2.6098699566522177,0.0,0.0
2.611870623541181,0.0,0.0
2.6138712904301435,0.0,0.0
2.615871957319107,0.0,0.0
2.6178726242080694,0.0,0.0
2.619873291097033,0.0,0.0
2.6218739579859953,0.0,0.0
2.6238746248749587,0.0,0.0
2.625875291763921,0.0,0.0
2.6278759586528846,0.0,0.0
2.629876625541848,0.0,0.0
2.6318772924308105,0.0,0.0
2.633877959319774,0.0,0.0
2.6358786262087364,0.0,0.0
2.6378792930976998,0.0,0.0
2.6398799599866623,0.0,0.0
2.6418806268756256,0.0,0.0
2.643881293764588,0.0,0.0
2.6458819606535515,0.0,0.0
2.647882627542514,0.0,0.0
2.6498832944314774,0.0,0.0
2.651883961320441,0.0,0.0
2.6538846282094033,0.0,0.0
2.6558852950983667,0.0,0.0
2.657885961987329,0.0,0.0
2.6598866288762926,0.0,0.0
2.661887295765255,0.0,0.0
2.6638879626542185,0.0,0.0
2.665888629543181,0.0,0.0
2.6678892964321443,0.0,0.0
2.6698899633211077,0.0,0.0
2.6718906302100702,0.0,0.0
2.6738912970990336,0.0,0.0
2.675891963987996,0.0,0.0
2.6778926308769595,0.0,0.0
2.679893297765922,0.0,0.0
2.6818939646548854,0.0,0.0
2.683894631543848,0.0,0.0
2.6858952984328113,0.0,0.0
2.6878959653217738,0.0,0.0
2.689896632210737,0.0,0.0
2.6918972990997005,0.0,0.0
2.693897965988663,0.0,0.0
2.6958986328776264,0.0,0.0
2.697899299766589,0.0,0.0
2.6998999666555523,0.0,0.0
2.701900633544515,0.0,0.0
2.703901300433478,0.0,0.0
2.7059019673224407,0.0,0.0
2.707902634211404,0.0,0.0
2.7099033011003675,0.0,0.0
2.71190396798933,0.0,0.0
2.7139046348782934,0.0,0.0
2.715905301767256,0.0,0.0
2.7179059686562193,0.0,0.0
2.7199066355451818,0.0,0.0
2.721907302434145,0.0,0.0
2.7239079693231076,0.0,0.0
2.725908636212071,0.0,0.0
2.7279093031010335,0.0,0.0
2.729909969989997,0.0,0.0
2.7319106368789603,0.0,0.0
2.733911303767923,0.0,0.0
2.735911970656886,0.0,0.0
2.7379126375458487,0.0,0.0
2.739913304434812,0.0,0.0
2.7419139713237746,0.0,0.0
2.743914638212738,0.0,0.0
2.7459153051017005,0.0,0.0
2.747915971990664,0.0,0.0
2.7499166388796272,0.0,0.0
2.7519173057685897,0.0,0.0
2.753917972657553,0.0,0.0
2.7559186395465156,0.0,0.0
2.757919306435479,0.0,0.0
2.7599199733244415,0.0,0.0
2.761920640213405,0.0,0.0
2.7639213071023674,0.0,0.0
2.7659219739913308,0.0,0.0
2.7679226408802933,0.0,0.0
2.7699233077692567,0.0,0.0
2.77192397465822,0.0,0.0
2.7739246415471825,0.0,0.0
2.775925308436146,0.0,0.0
2.7779259753251084,0.0,0.0
2.779926642214072,0.0,0.0
2.7819273091030343,0.0,0.0
2.7839279759919977,0.0,0.0
2.78592864288096,0.0,0.0
2.7879293097699236,0.0,0.0
2.789929976658887,0.0,0.0
2.7919306435478495,0.0,0.0
2.793931310436813,0.0,0.0
2.7959319773257754,0.0,0.0
2.7979326442147388,0.0,0.0
2.7999333111037013,0.0,0.0
2.8019339779926646,0.0,0.0
2.803934644881627,0.0,0.0
2.8059353117705905,0.0,0.0
2.807935978659554,0.0,0.0
2.8099366455485164,0.0,0.0
2.81193731243748,0.0,0.0
2.8139379793264423,0.0,0.0
2.8159386462154057,0.0,0.0
2.817939313104368,0.0,0.0
2.8199399799933316,0.0,0.0
2.821940646882294,0.0,0.0
2.8239413137712575,0.0,0.0
2.82594198066022,0.0,0.0
2.8279426475491833,0.0,0.0
2.8299433144381467,0.0,0.0
2.8319439813271092,0.0,0.0
2.8339446482160726,0.0,0.0
2.835945315105035,0.0,0.0
2.8379459819939985,0.0,0.0
2.839946648882961,0.0,0.0
2.8419473157719244,0.0,0.0
2.843947982660887,0.0,0.0
2.8459486495498503,0.0,0.0
2.8479493164388137,0.0,0.0
2.849949983327776,0.0,0.0
2.8519506502167395,0.0,0.0
2.853951317105702,0.0,0.0
2.8559519839946654,0.0,0.0
2.857952650883628,0.0,0.0
2.8599533177725913,0.0,0.0
2.861953984661554,0.0,0.0
2.863954651550517,0.0,0.0
2.8659553184394797,0.0,0.0
2.867955985328443,0.0,0.0
2.8699566522174065,0.0,0.0
2.871957319106369,0.0,0.0
2.8739579859953324,0.0,0.0
2.875958652884295,0.0,0.0
2.8779593197732583,0.0,0.0
2.8799599866622208,0.0,0.0
2.881960653551184,0.0,0.0
2.8839613204401466,0.0,0.0
2.88596198732911,0.0,0.0
2.8879626542180734,0.0,0.0
2.889963321107036,0.0,0.0
2.8919639879959993,0.0,0.0
2.893964654884962,0.0,0.0
2.895965321773925,0.0,0.0
2.8979659886628877,0.0,0.0
2.899966655551851,0.0,0.0
2.9019673224408136,0.0,0.0
2.903967989329777,0.0,0.0
2.9059686562187395,0.0,0.0
2.907969323107703,0.0,0.0
2.9099699899966662,0.0,0.0
2.9119706568856287,0.0,0.0
2.913971323774592,0.0,0.0
2.9159719906635546,0.0,0.0
2.917972657552518,0.0,0.0
2.9199733244414805,0.0,0.0
2.921973991330444,0.0,0.0
2.9239746582194064,0.0,0.0
2.9259753251083698,0.0,0.0
2.927975991997333,0.0,0.0
2.9299766588862957,0.0,0.0
2.931977325775259,0.0,0.0
2.9339779926642215,0.0,0.0
2.935978659553185,0.0,0.0
2.9379793264421474,0.0,0.0
2.939979993331111,0.0,0.0
2.9419806602200733,0.0,0.0
2.9439813271090367,0.0,0.0
2.945981993997999,0.0,0.0
2.9479826608869626,0.0,0.0
2.949983327775926,0.0,0.0
2.9519839946648885,0.0,0.0
2.953984661553852,0.0,0.0
2.9559853284428144,0.0,0.0
2.9579859953317778,0.0,0.0
2.9599866622207403,0.0,0.0
2.9619873291097036,0.0,0.0
2.963987995998666,0.0,0.0
2.9659886628876295,0.0,0.0
2.967989329776593,0.0,0.0
2.9699899966655554,0.0,0.0
2.971990663554519,0.0,0.0
2.9739913304434813,0.0,0.0
2.9759919973324447,0.0,0.0
2.977992664221407,0.0,0.0
2.9799933311103706,0.0,0.0
2.981993997999333,0.0,0.0
2.9839946648882965,0.0,0.0
2.985995331777259,0.0,0.0
2.9879959986662223,0.0,0.0
2.9899966655551857,0.0,0.0
2.9919973324441482,0.0,0.0
2.9939979993331116,0.0,0.0
2.995998666222074,0.0,0.0
2.9979993331110375,0.0,0.0
3.0,0.0,0.0
